id,predicted
7ae19de7bc2a,355113 7 355815 9 356518 11 357221 12 357923 14 358625 16 359329 16 360033 16 360737 15 361441 14 362145 14 362849 13 363554 11 364259 9 364963 9 365668 7
7ae19de7bc2a,275 4 978 8 1682 10 2387 12 3092 14 3797 15 4501 17 5206 18 5911 18 6615 21 7320 22 8025 22 8729 23 9434 22 10138 22 10843 21 11548 20 12252 20 12957 19 13662 18 14366 17 15071 16 15775 16 16479 16 17184 15 17889 14 18593 14 19298 13 20003 12 20707 12 21412 10 22117 9 22821 8 23526 6 24231 4
7ae19de7bc2a,139298 10 139309 1 140001 21 140705 23 141409 24 142113 24 142817 24 143522 23 144226 23 144930 22 145634 21 146338 21 147042 20 147746 20 148450 20 149155 18 149859 18 150563 18 151268 16 151972 16 152677 14 153381 14 154086 12 154791 10 155498 5
7ae19de7bc2a,1855 8 2559 9 3262 11 3966 12 4670 12 5374 12 6078 12 6782 12 7486 13 8190 13 8895 12 9599 11 10304 10 11009 9 11714 7
7ae19de7bc2a,109839 5 110541 7 111244 8 111946 10 112649 10 113351 11 114054 12 114757 12 115459 14 116162 14 116866 15 117570 15 118274 15 118978 16 119682 17 120386 17 121090 18 121794 18 122498 18 123202 18
7ae19de7bc2a,339653 6 340355 8 341058 9 341761 9 342464 9 343167 10 343870 10 344572 12 345275 12 345979 11 346681 13 347384 14 348087 14 348790 15 349494 14 350197 15 350900 15 351603 16 352306 17 353009 17 353713 16 354416 17 355120 16 355824 16 356529 14 357233 14 357937 14 358641 12 359345 12 360049 12 360752 12 361456 12 362160 14 362864 13 363569 11 364274 11 364979 9
7ae19de7bc2a,60802 9 61506 10 62209 11 62913 12 63617 12 64321 12 65025 13 65729 13 66433 14 67137 14 67842 14 68546 15 69252 14 69957 14 70663 12 71370 9 72075 8 72781 6 73486 5
7ae19de7bc2a,49537 6 50240 8 50944 9 51648 10 52352 12 53056 13 53760 13 54464 15 55168 15 55872 16 56577 15 57282 14 57986 14 58691 13 59396 11
7ae19de7bc2a,148230 2 148931 7 149634 9 150336 11 151039 13 151742 15 152445 17 153148 18 153851 20 154555 20 155259 20 155963 21 156667 21 157371 21 158075 21 158779 21 159484 20 160188 20 160893 19 161598 18 162303 18 163009 15 163715 13 164420 12 165125 10 165831 8 166537 5
7ae19de7bc2a,317494 6 318195 13 318896 17 319597 20 320299 22 321001 24 321704 25 322406 27 323108 28 323811 29 324513 31 325216 30 325918 29 326622 25 327325 20 328029 14 328734 9
7ae19de7bc2a,74418 7 75120 10 75822 12 76524 12 77225 13 77927 14 78629 15 79330 17 80032 17 80734 19 81437 19 82139 20 82843 19 83547 18 84252 17 84956 16 85661 14 86365 14 87070 13 87775 11 88479 11 89185 8 89890 7
7ae19de7bc2a,140948 8 141652 8 142356 9 143060 9 143764 10 144468 10 145172 10 145876 11 146580 11 147284 11 147989 10 148693 10 149398 9 150102 9 150807 8 151511 8 152216 7 152921 6 153626 5 154332 3
7ae19de7bc2a,95714 3 96417 6 97120 8 97824 8 98528 9 99232 10 99936 10 100640 11 101344 11 102048 11 102752 12 103456 12 104160 13 104864 13 105568 13 106272 13 106977 12 107681 12 108385 12 109090 11 109794 11 110498 11 111203 9 111907 9 112612 8 113317 6 114021 6 114726 4
7ae19de7bc2a,180304 6 181007 7 181711 8 182414 9 183117 11 183821 11 184525 11 185229 12 185933 12 186637 13 187341 13 188045 13 188749 13 189453 13 190157 13 190862 12 191567 11 192272 10 192977 9 193682 8 194387 7 195092 6
7ae19de7bc2a,46903 9 47604 12 48306 14 49008 16 49711 16 50413 18 51116 18 51820 17 52524 16 53228 16 53932 15 54637 13 55342 12 56047 10 56753 7
7ae19de7bc2a,321367 5 322070 7 322774 8 323478 9 324181 10 324885 10 325589 10 326293 10 326997 10 327701 10 328404 11 329108 11 329812 11 330516 11 331220 10 331924 10 332628 10 333333 8 334037 8 334741 8 335445 7 336150 6 336854 6 337559 4
7ae19de7bc2a,146707 9 147411 11 148115 13 148819 15 149523 17 150227 18 150931 20 151635 23 152340 23 153045 24 153751 23 154456 24 155162 24 155868 23 156574 22 157281 20 157988 16 158696 12 159404 8
7ae19de7bc2a,224281 7 224978 16 225679 20 226381 23 227084 24 227788 23 228492 23 229196 20 229900 17 230605 14 231312 9
7ae19de7bc2a,26627 15 27329 18 28031 20 28733 22 29436 23 30139 24 30843 24 31547 24 32251 24 32955 24 33660 22 34364 21 35069 18 35773 16 36479 12 37183 9
7ae19de7bc2a,40224 4 40927 5 41630 6 42333 7 43037 7 43739 10 44443 10 45147 10 45850 11 46554 11 47258 12 47962 12 48666 12 49370 12 50074 11 50778 11 51482 10 52187 7
7ae19de7bc2a,331408 2 332111 4 332816 4 333520 4 334224 4 334928 5 335632 5 336336 6 337039 8 337743 8 338447 9 339151 9 339855 10 340559 11 341262 12 341966 13 342670 14 343374 15 344078 16 344782 18 345485 20 346189 21 346893 22 347597 22 348301 22 349005 22 349709 22 350413 22 351117 21 351821 21 352525 22 353230 21 353934 21 354638 21 355342 21 356047 20 356752 19 357456 19 358161 18 358866 17 359570 17 360275 15 360980 14 361685 13 362390 12 363095 11 363800 10 364505 9 365210 8 365915 7
7ae19de7bc2a,255861 10 256565 12 257269 15 257973 17 258677 19 259382 19 260087 20 260792 20 261497 20 262203 19 262908 19 263613 14 264319 10 265025 6
7ae19de7bc2a,144278 9 144976 24 145680 26 146384 26 147088 26 147792 26 148496 25 149201 24 149906 21 150612 17 151320 9
7ae19de7bc2a,264627 10 265331 15 266035 18 266740 19 267445 19 268150 20 268855 20 269561 19 270266 19 270971 19 271677 17 272383 15 273090 10
7ae19de7bc2a,289242 11 289940 20 290644 21 291348 21 292052 21 292756 21 293460 21 294165 20 294873 16 295579 13 296288 5
7ae19de7bc2a,226324 10 227027 12 227730 14 228434 15 229138 16 229842 17 230546 18 231250 18 231954 19 232658 19 233363 18 234069 16 234774 15 235480 13 236186 11 236891 10 237597 8 238302 7 239008 4
7ae19de7bc2a,2685 12 3387 15 4090 16 4793 17 5496 18 6200 18 6904 17 7608 16 8312 15 9017 13 9722 10 10427 8 11133 5
7ae19de7bc2a,177345 14 178047 17 178744 25 179448 25 180152 25 180856 25 181560 25 182264 24 182968 24 183672 23 184376 22 185081 20 185785 19 186490 16 187194 15 187898 14 188602 13 189306 12 190010 11 190714 10 191418 9 192123 7
7ae19de7bc2a,178917 7 179620 9 180323 10 181026 11 181730 11 182433 12 183137 12 183841 12 184545 12 185249 12 185953 12 186657 12 187361 12 188065 12 188769 12 189473 12 190177 11 190881 11 191585 10 192290 8 192994 7 193699 5
7ae19de7bc2a,116273 8 116976 10 117680 11 118384 12 119088 12 119792 12 120496 12 121200 12 121904 12 122608 12 123312 12 124016 10 124720 9 125425 6
7ae19de7bc2a,132814 11 133516 13 134220 13 134924 13 135628 13 136332 13 137037 12 137741 12 138446 11 139151 10 139856 9 140561 8 141267 6
7ae19de7bc2a,111019 9 111716 16 112418 18 113120 20 113823 21 114527 20 115231 20 115935 19 116639 19 117343 18 118047 18 118752 16 119456 15 120160 15 120865 13 121571 11 122276 9 122981 7
7ae19de7bc2a,14022 5 14721 16 15421 22 16124 25 16828 25 17532 25 18236 25 18940 24 19645 21 20349 19 21054 17 21760 13
7ae19de7bc2a,181812 4 182515 7 183218 9 183922 9 184626 10 185330 11 186035 11 186739 12 187443 13 188148 13 188853 13 189557 14 190262 14 190966 15 191670 15 192375 15 193079 15 193783 15 194487 15 195192 14 195896 14 196601 13 197305 13 198009 13 198714 11 199418 11 200123 10 200828 9 201532 8 202237 7 202942 5
7ae19de7bc2a,167243 6 167946 8 168648 11 169351 12 170055 12 170758 13 171461 14 172164 15 172867 16 173571 16 174274 17 174977 18 175681 17 176384 18 177088 17 177792 16 178495 15 179199 14 179902 14 180605 14 181309 13 182012 13 182715 13 183419 12 184122 12 184826 11 185529 11 186233 10 186937 9 187641 9 188345 8 189050 6
7ae19de7bc2a,110118 5 110821 9 111524 12 112228 13 112932 15 113636 16 114340 17 115044 18 115748 20 116452 21 117156 23 117860 24 118564 24 119271 21 119983 13
7ae19de7bc2a,62831 4 63534 7 64237 9 64940 10 65644 11 66348 11 67052 11 67756 11 68460 11 69164 11 69868 11 70572 11 71276 11 71980 11 72684 11 73389 10 74093 10 74798 9 75502 9 76206 9 76911 7 77615 7 78320 6 79024 6 79728 5 80433 4 81137 4 81841 4 82545 4 83250 3 83954 3
7ae19de7bc2a,113855 3 114557 6 115259 8 115962 9 116665 10 117369 10 118073 10 118776 11 119479 12 120183 12 120886 13 121590 13 122294 13 122998 13 123702 13 124406 13 125111 12 125815 12 126519 12 127223 12 127928 11 128632 11 129337 9 130041 9 130746 8 131450 8 132155 6 132860 5 133565 3
7ae19de7bc2a,87476 7 88180 8 88884 9 89587 11 90291 13 90996 13 91700 14 92404 15 93108 17 93812 17 94516 17 95220 17 95923 18 96627 17 97331 15 98035 14 98739 12 99444 8
7ae19de7bc2a,216469 4 216474 2 216477 4 217172 16 217876 18 218580 19 219284 19 219988 19 220692 19 221396 19 222100 19 222804 19 223508 19 224212 18 224918 13 225624 10 226334 4 227039 3
7ae19de7bc2a,207960 9 208663 11 209367 13 210070 14 210773 15 211477 15 212181 14 212885 14 213589 13 214293 13 214997 12 215701 11 216406 9 217111 6
7ae19de7bc2a,131752 14 132454 17 133156 19 133858 20 134561 20 135263 21 135966 20 136668 19 137370 18 138073 17 138776 15 139481 11
7ae19de7bc2a,279969 13 280673 15 281377 17 282081 18 282785 20 283490 20 284194 21 284899 21 285606 20 286313 18 287019 17 287725 16 288431 15 289137 14 289843 13 290549 11 291254 11 291959 10 292665 7 293370 6 294075 5
7ae19de7bc2a,59901 4 60604 6 61307 8 62010 10 62714 11 63417 13 64121 14 64824 18 65528 19 66232 19 66936 19 67640 19 68344 18 69049 16 69753 15 70457 14 71161 13 71865 12 72569 10 73274 9 73978 8 74683 4
7ae19de7bc2a,200493 4 201197 4 201900 6 202603 8 203305 10 204007 13 204709 15 205413 15 206116 16 206820 16 207524 16 208229 15 208933 13 209637 10 210343 4
7ae19de7bc2a,299623 1 299625 2 300327 4 301030 5 301733 6 302437 6 303141 6 303844 7 304548 7 305251 8 305955 8 306659 7 307362 7 308066 7 308769 8 309473 8 310176 8 310880 8 311584 7 312287 8 312990 9 313694 8 314398 8 315102 8 315805 8 316508 9 317212 9 317916 9 318619 9 319322 10 320026 10 320730 9 321433 10 322136 11 322840 10 323544 10 324247 11 324950 11 325654 11 326358 11 327061 12 327765 12 328468 12 329172 12 329875 13 330579 13 331282 13 331986 13 332690 13 333393 14 334097 13 334801 13 335505 12 336208 13 336912 12 337616 12 338319 12 339023 12 339727 11 340431 10 341137 6
7ae19de7bc2a,233146 7 233851 7 234556 7 235261 8 235966 9 236671 10 237375 12 238080 12 238784 14 239489 14 240193 16 240898 16 241603 16 242307 17 243011 18 243716 18 244420 13 245125 12 245140 1 245828 13 246530 15 247236 14 247938 16 248643 18 249350 15 250054 16 250760 15 251465 15 252170 14 252878 11 253580 14 254285 14 254990 13 255694 13 256399 12 257104 11 257809 10 258514 9
7ae19de7bc2a,3367 16 4069 18 4770 23 5473 23 6177 23 6881 23 7586 22 8292 20 8997 16 9706 5
7ae19de7bc2a,60099 8 62220 1 64333 1 65742 1
7ae19de7bc2a,77501 8 78202 11 78905 13 79609 13 80312 15 81015 16 81719 16 82421 18 83125 18 83828 19 84532 19 85236 19 85940 19 86644 19 87348 19 88052 18 88756 18 89460 17 90164 16 90868 16 91572 15 92276 14 92982 11 93688 8
7ae19de7bc2a,219136 3 219840 5 220544 7 221248 9 221952 10 222657 11 223361 12 224066 13 224771 13 225476 13 226180 14 226885 14 227590 14 228295 13 229001 12 229706 11 230411 11 231116 11 231822 9 232527 8 233232 7 233937 6 234643 4
7ae19de7bc2a,143023 13 143726 14 144429 15 145132 16 145835 17 146538 18 147240 20 147943 21 148646 21 149348 23 150051 23 150754 24 151458 23 152168 17 152878 10
7ae19de7bc2a,47744 15 48445 18 49146 21 49847 24 50550 25 51252 26 51956 25 52660 24 53364 23 54067 23 54772 21 55476 20 56180 19 56884 18 57588 17 58293 16 58997 15 59702 13 60407 12 61112 10 61816 9 62521 8 63225 7
7ae19de7bc2a,165717 14 166420 17 167123 20 167826 21 168530 22 169234 22 169938 22 170642 22 171347 21 172051 20 172755 20 173460 18 174164 17 174869 14
7ae19de7bc2a,168744 5 169446 9 170149 11 170851 14 171553 16 172255 18 172957 20 173660 21 174362 23 175064 24 175767 24 176470 23 177173 21 177877 19 178581 17 179285 15 179989 14 180693 13 181397 11 182102 7
7ae19de7bc2a,324081 10 324784 13 325488 14 326192 15 326896 15 327601 15 328305 16 329010 15 329714 16 330419 16 331124 15 331829 15 332535 14 333240 14 333946 13 334651 13 335358 10 336065 7 336771 5
7ae19de7bc2a,222134 4 222836 8 223539 11 224243 12 224947 13 225651 14 226355 15 227059 16 227763 17 228467 18 229172 18 229876 18 230579 20 231284 19 231987 20 232692 19 233396 19 234100 17 234805 11 235510 6
7ae19de7bc2a,221613 10 222316 12 223020 12 223724 12 224428 13 225132 13 225836 13 226540 13 227244 13 227948 13 228652 13 229356 13 230061 12 230766 11 231471 9 232176 8
7ae19de7bc2a,239503 1 241619 1 242324 1 243029 1 243734 2 244433 8 245137 3 245141 4 245841 8 246545 8 247250 7 247954 7 248661 4 249365 4
7ae19de7bc2a,101398 17 102099 24 102802 26 103505 27 104210 25 104914 25 105619 23 106324 20 107030 15 107737 10
7ae19de7bc2a,66 5 755 1 760 18 1458 24 2161 25 2865 25 3569 24 4273 23 4977 22 5682 20 6386 18 7093 13 7799 9 8504 6
7ae19de7bc2a,45098 11 45795 18 46497 20 47198 23 47901 23 48603 25 49306 26 50010 25 50714 24 51419 23 52125 20 52831 17
7ae19de7bc2a,112833 11 113537 13 114241 15 114945 16 115649 17 116353 17 117057 17 117762 16 118467 15 119173 12 119878 10 120584 6
7ae19de7bc2a,186599 3 187299 11 188002 14 188706 15 189410 16 190113 17 190818 16 191522 16 192226 16 192931 15 193635 16 194339 16 195043 17 195748 16 196452 16 197156 16 197860 16 198564 14 199268 13 199973 10 200677 9
7ae19de7bc2a,264590 7 265293 9 265996 12 266700 14 267404 15 268107 18 268812 18 269516 20 270220 21 270924 22 271629 21 272333 21 273037 20 273743 18
7ae19de7bc2a,97245 4 97945 13 98648 16 99352 16 100056 16 100760 16 101464 17 102169 16 102874 15 103580 12 104286 9 104994 4
7ae19de7bc2a,219096 1 219798 5 220501 7 221205 8 221909 9 222612 11 223317 11 224021 12 224725 13 225430 12 226135 12 226839 13 227544 12 228249 12 228954 12 229659 11 230365 9 231070 8 231775 6 232480 4 233185 3 233891 1
7ae19de7bc2a,7088 5 7791 8 8494 10 9197 13 9901 13 10604 14 11307 14 12011 13 12714 13 13417 13 14121 12 14824 12 15528 11 16232 9 16937 2
7ae19de7bc2a,34069 5 34772 10 35474 16 36177 18 36879 20 37583 20 38286 21 38990 21 39693 20 40397 18 41100 17 41804 15 42508 13 43211 13 43916 11 44620 10 45325 7 46032 1
7ae19de7bc2a,282491 1 283185 14 283887 17 284590 18 285294 18 285998 18 286702 18 287407 17 288111 17 288816 16 289522 13 290228 10
7ae19de7bc2a,210864 7 211567 9 212270 11 212973 12 213677 12 214381 12 215085 12 215789 12 216493 12 217197 12 217901 12 218605 12 219309 12 220014 10 220719 8
7ae19de7bc2a,97251 21 97958 19 98664 17 99368 17 100072 17 100776 16 101481 15 102185 14 102889 12 103592 12 104295 11 104992 2 104998 10 105697 13 106403 6
7ae19de7bc2a,236453 5 237157 8 237861 9 238564 12 239268 13 239973 14 240677 15 241382 16 242086 17 242791 18 243497 17 244202 16 244907 15
7ae19de7bc2a,322650 4 323353 6 324057 7 324760 10 325465 11 326169 14 326875 13 327579 14 328283 15 328987 15 329691 16 330396 15 331100 16 331805 15 332509 16 333214 15 333919 15 334624 14 335330 12 336035 11 336741 7
7ae19de7bc2a,1909 13 2611 15 3313 17 4015 18 4719 19 5423 19 6127 19 6831 19 7535 20 8239 20 8943 20 9648 19 10352 19 11059 16 11765 14 12470 12 13175 11 13880 9
7ae19de7bc2a,118401 2 119103 6 119805 9 120509 10 121212 13 121916 15 122620 16 123324 18 124029 18 124734 18 125439 18 126144 17 126849 16 127554 15 128260 13 128965 12 129670 11 130376 7
7ae19de7bc2a,67531 8 68235 9 68940 10 69645 10 70349 11 71053 12 71758 12 72462 13 73167 13 73871 13 74575 14 75280 13 75984 14 76688 14 77392 14 78097 14 78801 14 79506 13 80211 12 80916 12 81621 11 82326 10 83031 9 83736 8 84441 7 85145 7 85850 6 86554 6 87259 5
d48ec7815252,65582 5 66283 9 66987 9 67691 9 68394 10 69097 11 69800 11 70504 11 71207 12 71910 12 72613 13 73316 13 74019 14 74722 15 75425 15 76128 16 76831 17 77534 18 78237 19 78941 19 79643 20 80346 21 81050 21 81753 22 82457 22 83160 22 83864 22 84567 23 85271 23 85974 24 86678 24 87382 24 88085 24 88789 24 89492 25 90196 25 90900 25 91603 26 92307 26 93010 27 93714 27 94418 27 95121 29 95825 29 96528 31 97232 31 97935 33 98639 34 99342 36 100045 37 100749 38 101453 38 102156 38 102859 38 103562 39 104266 37 104969 37 105673 36 106375 37 107078 38 107782 37 108486 36 109189 37 109897 1 109899 30 110603 29 111308 28 112012 27 112717 25 113421 24 114126 23 114830 22 115535 20 116239 19 116943 19 117647 18 118352 17 119058 14 119763 13 120468 11 121174 8 121879 6
d48ec7815252,3854 2 3858 3 4558 7 5261 7 5965 7 6669 6 7373 6 8077 5 8781 5 9484 5 10188 4 10891 5 11595 4 12298 5 13002 5 13705 5 14408 5 15112 4 15816 4 16519 6 17223 6 17927 5 18630 6 19334 5 20037 6 20741 5 21444 4 22147 5 22850 5 23554 5 24257 5 24960 6 25664 6 26367 7 27071 6 27774 7 28478 6 29181 7 29885 6 30589 6 31293 6 31996 6 32700 6 33403 7 34107 7 34810 8 35514 8 36218 8 36921 8 37625 8 38328 8 39032 8 39735 8 40439 7 41142 8 41846 8 42549 8 43253 8 43955 10 44658 11 45362 11 46066 10 46769 10 47472 10 48175 10 48877 11 49581 11 50284 11 50987 11 51690 11 52393 9 53094 11 53797 12 54500 12 55204 11 55906 11 56609 10 57311 11 58013 11 58715 12 59417 13 60120 13 60823 13 61526 10 62229 10 62932 10 63636 9 64340 7 65045 4
d48ec7815252,85418 4 85463 1 86121 7 86167 1 86824 10 86871 1 87527 12 88229 17 88275 5 88931 21 88979 5 89634 24 89682 6 90338 26 90386 7 91041 29 91089 8 91745 30 91791 10 92449 31 92494 11 93153 32 93197 12 93858 37 93897 3 93901 12 94562 55 95266 55 95970 55 96675 54 97379 53 98084 51 98788 50 99493 48 100197 48 100902 47 101607 46 102312 45 103017 44 103721 45 104426 44 105130 44 105835 44 106539 44 107243 44 107947 44 108652 44 109356 44 110060 44 110765 43 111469 43 112173 43 112877 43 113581 43 114286 42 114990 42 115694 42 116398 41 117103 41 117807 41 118511 41 119216 39 119920 38 120625 37 121330 37 122035 38 122739 37 123443 36 124148 35 124853 34 125558 33 126263 31 126968 30 127673 29 128378 26 129083 24 129788 22 130493 21 131198 19 131903 18 132608 14 133314 11
d48ec7815252,82231 5 82934 7 83637 9 84340 11 85041 15 85745 16 86449 17 87153 19 87857 21 88561 23 89272 19 89978 20 90684 22 91388 26 92093 28 92799 27 93503 29 94209 27 94914 26 95618 26 96324 22 97028 22 97733 21 98438 19 99143 18 99848 16 100554 13 101258 12 101963 9 102668 8 103374 3
d48ec7815252,149625 6 150325 11 150359 1 151028 15 151062 5 151731 18 151761 13 152434 23 152458 21 153136 48 153838 50 154519 7 154539 52 155221 10 155240 55 155924 74 156628 71 157332 69 158036 68 158739 68 159443 67 160148 64 160854 61 161559 59 162265 55 162971 52 163677 48 164383 45 165090 42 165796 39 166505 33 167212 29 167918 26 168624 24 169330 21 170036 18 170740 18 171445 17 172150 16 172855 15 173560 14 174264 13 174969 12 175673 12 176378 11 177082 11 177786 11 178490 11 179194 11 179899 10 180604 9 181308 9 182013 8 182717 8 183421 9 184126 8 184831 7 185535 7 186239 7 186943 7 187648 7 188354 5 189058 6 189762 6 190466 6 191170 6 191875 5 192579 5 193283 6 193988 6 194693 6 195398 5 196102 5 196806 5 197511 4 198215 4 198920 3 199624 3 200329 1
d48ec7815252,134287 9 134991 16 135695 22 136399 24 137104 24 137811 22 138516 21 139222 20 139927 20 140631 20 141335 20 142039 21 142744 21 143448 21 144151 1 144153 21 144858 22 145563 22 146268 22 146972 23 147677 23 148382 22 149086 23 149790 23 150494 24 151199 23 151903 23 152607 24 153312 23 154016 24 154720 24 155425 24 156129 24 156833 25 157537 25 158242 24 158946 24 159650 24 160354 24 161059 22 161763 22 162467 21 163172 20 163877 18 164581 18 165285 18 165991 16 166695 16 167400 14 168105 13 168810 12 169515 11 170220 9 170925 7 171630 5
d48ec7815252,321016 5 321718 10 322421 11 323124 13 323828 13 324531 14 325234 15 325938 15 326641 16 327344 17 328048 17 328751 18 329455 18 330159 18 330863 18 331567 18 332271 18 332975 18 333679 18 334384 15 335089 12
d48ec7815252,198746 6 199448 9 200150 12 200851 17 201553 21 202254 27 202955 30 203657 34 204359 37 205061 40 205766 40 206469 41 207174 41 207878 41 208582 41 209286 41 209990 40 210694 40 211397 36 212101 29 212804 26 213506 24 214210 21 214912 20 215615 19 216318 18 217022 16 217726 15 218432 11
d48ec7815252,333096 3 333798 7 334501 9 335202 14 335904 17 336608 18 337311 20 338014 22 338717 24 339420 25 340124 26 340827 28 341531 28 342234 30 342938 31 343641 33 344345 34 345048 36 345752 37 346456 38 347160 39 347865 39 348572 1 348575 35 349280 35 349984 36 350691 34 351396 35 352100 36 352804 37 353509 37 354214 38 354920 37 355625 37 356331 36 357036 36 357742 35 358448 33 359154 30 359859 28 360565 26 361271 23 361979 16 362686 11 363397 2
d48ec7815252,171802 10 172505 11 173209 12 173912 13 174617 14 175321 15 176025 15 176730 15 177435 15 178139 16 178844 15 179549 15 180253 16 180957 16 181662 15 182366 15 183070 16 183774 16 184479 15 185184 14 185888 14 186593 14 187297 14 188002 14 188707 13 189412 12 190117 12 190821 12 191525 12 192230 11 192935 10 193640 10 194344 10 195049 9 195753 10 196457 10 197162 9 197866 9 198571 9 199276 8 199980 8 200684 8 201389 8 202093 8 202798 8 203502 8 204207 8 204911 8 205615 9 206320 8 207025 7 207729 8 208434 7 209138 8 209843 8 210547 8 211252 7 211957 7 212662 6 213366 7 214070 8 214775 7 215479 7 216184 6 216889 6 217593 7 218297 8 219002 7 219706 7 220411 6 221116 6 221820 6 222524 8 223228 9 223933 8 224638 7 225343 6 226048 6 226752 7 227457 7 228161 7 228866 6 229571 6 230276 5 230981 4 231685 3
d48ec7815252,110535 15 111236 20 111939 21 112643 22 113347 22 114051 22 114755 22 115459 22 116163 22 116867 22 117571 22 118275 22 118979 22 119683 22 120387 22 121091 22 121795 23 122499 23 123203 24 123907 24 124611 24 125315 21 125337 2 126019 21 126041 2 126723 21 127427 20 128131 19 128835 19 129539 19 130243 18 130947 18 131651 18 132355 18 133059 18 133763 18 134467 18 135171 18 135875 18 136579 19 137283 19 137987 19 138691 19 139395 19 140099 20 140803 20 141507 21 142211 21 142915 21 143619 21 144324 20 145029 20 145733 20 146437 21 147141 21 147845 21 148552 19 149257 18 149961 18 150666 18 151370 18 152074 18 152779 18 153484 17 154188 18 154893 17 155597 17 156302 17 157006 17 157710 18 158415 17 159119 18 159824 17 160528 18 161232 18 161937 18 162641 19 163345 19 164050 18 164754 19 165458 19 166162 19 166866 20 167571 19 168275 19 168980 19 169684 19 170388 19 171093 18 171797 5 171812 4 172502 3 172516 4 173206 3 173221 3 173911 1 173925 3 174615 2 174631 2 175319 2 175336 1 176040 1 176729 1 177434 1 178843 1 179548 1
d48ec7815252,219752 10 220449 20 221149 28 221852 31 222556 34 223258 38 223961 45 224663 50 225368 50 226072 50 226775 52 227477 55 228181 56 228884 57 229587 60 230291 60 230993 62 231697 63 232402 62 233105 64 233809 64 234513 65 235218 64 235923 64 236628 64 237333 64 238038 64 238745 61 239451 60 240157 59 240864 57 241570 55 242276 53 242982 52 243687 52 244392 51 245097 49 245802 47 246507 46 247212 44 247917 42 248622 37 249327 36 250032 36 250737 34 251442 31 252148 28 252852 27 253557 26 254262 26 254966 27 255671 26 256376 24 257081 22 257786 22 258491 21 259196 18 259901 15 260606 12
d48ec7815252,252879 11 253583 13 254288 12 254993 12 255697 12 256400 14 257103 16 257808 15 258512 16 259216 16 259920 17 260624 18 261329 17 262033 18 262738 17 263443 17 264147 18 264852 18 265556 18 266261 18 266965 19 267670 18 268376 17 269080 18 269784 18 270489 18 271194 18 271899 17 272604 17 273308 18 274013 17 274718 17 275422 18 276128 16 276832 17 277537 17 278242 17 278946 18 279652 16 280356 16 281061 16 281766 15 282470 16 283175 16 283880 16 284585 15 285289 16 285994 15 286699 15 287403 15 288108 15 288813 15 289517 15 290222 15 290927 14 291631 15 292336 14 293041 14 293745 14 294450 13 295155 13 295859 13 296564 12 297268 12 297972 12 298676 13 299381 12 300085 12 300789 12 301494 11 302199 9 302904 8 303608 8 304315 4 305020 1
d48ec7815252,195286 10 195990 10 196694 11 197398 11 198102 11 198807 11 199512 10 200217 9 200921 9 201626 9 202331 8 203035 9 203740 9 204445 9 205149 9 205854 9 206558 10 207262 11 207967 11 208672 11 209376 12 210080 13 210785 14 211489 16 212193 17 212897 18 213601 19 214305 21 215009 22 215713 23 216417 25 217121 26 217825 28 218529 30 219234 30 219938 30 220642 30 221346 30 222051 28 222755 27 223460 25 224165 22 224872 14 225579 6
d48ec7815252,168366 5 169067 11 169770 14 170474 15 171178 15 171882 16 172585 18 173290 18 173994 20 174699 19 175403 21 176107 22 176813 23 177518 24 178223 26 178928 27 179632 30 180337 30 181041 32 181746 32 182450 32 183155 31 183860 31 184565 31 185270 32 185975 32 186681 31 187386 32 188092 31 188798 30 189505 29 190213 27 190919 26 191626 25 192333 25 193040 25 193745 26 194452 26 195161 23 195870 21 196577 21 197284 20 197992 18 198699 19 199404 20 200112 17 200819 20 201527 18 202234 16 202941 14 203648 9 204354 5
d48ec7815252,214580 3 215283 5 215984 9 216012 3 216687 12 216713 6 217390 14 217410 13 218092 35 218794 37 219497 38 220200 39 220903 40 221606 41 222309 42 223013 42 223716 34 223753 5 224420 31 224460 2 225124 31 225827 29 226532 6 226540 17 227237 2 227245 15 227950 11 228654 10 229358 9 230062 8 230766 8 231470 7 232174 7 232878 7 233582 7 234286 6 234991 5 235695 5 236399 5 237104 3
d48ec7815252,271699 6 272402 7 273106 7 273810 7 274513 7 275216 6 275919 6 276622 6 277325 7 278028 6 278731 7 279397 2 279434 7 280101 3 280137 7 280804 6 280840 7 281508 7 281543 8 282213 7 282246 8 282917 9 282949 8 283622 10 283651 10 284329 7 284354 10 285034 8 285057 11 285739 9 285760 11 286444 9 286462 14 287150 30 287855 29 288560 27 289265 26 289971 24 290675 24 291380 22 292084 22 292789 21 293493 21 294197 21 294900 22 295604 21 296309 20 297013 19 297716 20 298421 19 299126 17 299830 17 300524 2 300534 17 301228 2 301239 16 301931 2 301943 16 302633 3 302647 4 302653 10 303352 1 303363 4 304069 2 304773 2
d48ec7815252,170473 1 171176 2 171880 2 172584 1 173288 2 173993 1 183859 1 184564 1 185269 1 185974 1 186679 2 187384 2 188090 2 188796 2 189501 4 190212 1 190918 1 195868 2 196574 3 197991 1
d48ec7815252,142171 9 142872 15 143575 17 144277 20 144980 21 145683 22 146385 24 147087 26 147791 26 148493 28 149197 28 149902 27 150605 24 151309 21 152012 21 152714 21 153417 21 154118 24 154818 27 155522 27 156226 26 156930 25 157634 24 158338 23 159042 22 159748 20 160453 18 161158 16 161863 15 162568 13 163273 12 163977 11 164681 10 165386 8 166091 4
d48ec7815252,2469 1 3169 7 3872 8 4576 8 5280 8 5983 9 6687 9 7391 10 8095 10 8799 10 9503 10 10206 11 10909 12 11613 12 12316 13 13020 12 13724 12 14427 13 15131 13 15835 12 16538 13 17242 13 17946 12 18650 12 19354 12 20058 12 20761 12 21465 12 22168 13 22872 13 23576 12 24280 12 24983 13 25686 14 26390 14 27093 15 27797 14 28500 15 29203 16 29907 16 30610 17 31313 17 32015 19 32718 20 33422 20 34125 20 34828 21 35531 21 36234 22 36937 22 37641 22 38344 23 39048 22 39750 24 40453 25 41157 24 41860 24 42564 24 43268 24 43971 24 44675 23 45379 22 46082 22 46786 20 47491 19 48195 17 48899 16 49603 16 50307 15 51012 13 51716 12 52421 10 53125 9 53829 8 54534 7 55239 5 55943 5
d48ec7815252,229239 10 229252 2 229941 19 230644 21 231347 22 232049 24 232750 27 233451 30 234154 31 234858 31 235562 31 236264 33 236967 34 237670 34 238374 34 239077 34 239779 35 240464 2 240481 35 241166 5 241181 39 241872 2 241879 45 242577 1 242581 47 243285 47 243984 51 244686 52 245389 52 246093 52 246797 51 247500 52 248204 51 248908 50 249612 49 250316 48 251019 48 251721 49 252423 51 253127 49 253831 48 254535 47 255239 46 255943 45 256647 44 257351 42 258055 41 258759 40 259463 37 260167 37 260871 36 261575 35 262279 34 262983 33 263687 31 264390 32 265094 31 265798 30 266501 30 267205 29 267909 27 268613 26 269317 26 270021 25 270725 24 271428 24 272131 24 272834 24 273537 24 274241 24 274946 22 275650 21 276353 21 277057 20 277760 20 278464 20 279167 20 279870 21 280573 21 281277 20 281980 20 282683 21 283385 23 284086 25 284789 26 285493 25 286197 25 286901 24 287605 24 288309 23 289013 23 289717 22 290421 21 291128 16 291835 12
d48ec7815252,225722 11 226420 18 227124 19 227826 23 228528 26 229231 8 229249 3 229254 5 229934 7 229960 3 230638 6 230665 2 231341 6 231369 2 232043 6 232073 2 232747 3 232777 2 233450 1 233481 2 234153 1 234185 2 234856 2 234889 2 235559 3 235593 2 236262 2 236297 2 236965 2 237001 1 237668 2 237704 2 238372 2 238408 1 239075 2 239111 1 239814 1 240516 2 241220 1
d48ec7815252,58398 3 59101 5 59804 7 60507 9 61210 10 61914 11 62617 12 63321 13 64025 14 64729 14 65433 15 66137 16 66841 16 67545 17 68249 18 68953 18 69657 19 70361 19 71065 20 71769 21 72473 21 73177 22 73881 23 74585 23 75289 24 75993 25 76697 25 77402 24 78106 24 78809 25 79514 24 80218 17 80236 6 80922 17 80940 4 81626 17 81644 4 82330 17 82348 3 83034 20 83738 19 84442 18 85146 17 85851 15 86555 15 87258 15 87962 14 88667 13 89371 12 90075 12 90778 12 91483 11 92187 10 92891 10 93595 9 94299 8 95004 7 95708 6 96412 6 97117 4 97821 4
d48ec7815252,323800 11 324501 15 325204 18 325907 20 326611 20 327315 20 328019 20 328723 20 329427 20 330131 20 330835 20 331540 18 332245 16 332950 13 333655 11 334361 7
d48ec7815252,123676 5 124378 7 125081 8 125785 8 126489 9 127192 11 127896 10 128599 10 129303 10 130006 12 130710 13 131413 15 132117 15 132820 17 133523 19 134226 20 134930 22 135633 24 136337 24 137041 25 137744 26 138447 26 139150 27 139854 28 140556 31 141260 34 141963 39 142667 39 143370 40 144074 41 144777 42 145480 43 146183 44 146886 45 147588 47 148291 48 148993 50 149695 52 150397 53 151098 55 151790 1 151794 61 152487 2 152491 67 153187 74 153889 75 154592 75 155295 76 156005 69 156718 59 157425 55 158135 48 158844 43 159554 36 160261 32 160966 31 161673 27 162379 24 163085 20 163790 18 164495 16 165200 14 165905 13 166610 12 167315 11
d48ec7815252,357620 11 358321 15 359021 19 359720 24 360421 27 361123 29 361825 31 362529 31 363232 25 363260 3 363935 23 364639 22 365345 7
d48ec7815252,261311 6 262015 7 262719 7 263423 8 264127 8 264831 8 265535 8 266239 8 266943 9 267647 9 268351 9 269055 9 269759 9 270463 9 271167 9 271871 9 272575 9 273279 8 273983 8 274687 8 275391 8 276095 8 276799 8 277503 8 278207 8 278911 8 279615 8 280319 8 281023 8 281727 8 282431 8 283136 7 283840 7 284544 7 285248 7 285952 7 286656 7 287360 7 288064 7 288768 7 289472 7 290176 8 290880 8 291584 8 292288 8 292992 8 293696 8 294400 8 295105 7 295809 7 296513 7 297217 7 297920 8 298624 9 299328 9 300033 8 300737 9 301441 9 302145 9 302849 10 303552 11 304256 11 304960 11 305664 11 306368 12 307072 12 307776 12 308480 13 309183 14 309887 15 310590 16 310607 1 311294 18 311998 19 312701 22 313405 23 314108 24 314811 25 315513 27 316217 27 316920 28 317623 27 318327 27 319029 28 319732 29 320434 30 321138 30 321841 30 322544 31 323248 30 323952 30 324658 28 325362 27 326066 27 326770 27 327474 27 328178 27 328882 27 329586 27 330290 27 330994 27 331699 26 332403 25 333107 25 333811 25 334515 25 335219 25 335924 23 336628 22 337333 21 338037 20 338743 17 339447 17 340152 15 340856 14 341562 11 342267 7
d8bfd1dafdc4,821 10 1525 11 2229 11 2932 13 3637 12 4341 13 5045 13 5749 14 6454 13 7158 14 7862 14 8566 15 9270 16 9974 17 10679 16 11383 17 12087 17 12791 18 13495 19 14199 19 14904 18 15608 19 16312 19 17016 19 17720 20 18424 20 19128 20 19833 20 20537 20 21241 20 21945 20 22649 21 23353 21 24057 21 24761 22 25466 21 26170 21 26874 21 27578 22 28282 22 28986 22 29691 22 30395 22 31099 23 31803 23 32507 23 33211 24 33916 23 34619 24 35323 25 36028 24 36732 24 37436 24 38141 23 38845 23 39549 22 40253 22 40958 21 41662 21 42366 21 43071 20 43775 19 44480 18 45184 18 45888 17 46593 16 47297 16 48002 14 48706 14 49410 14 50116 11
d8bfd1dafdc4,70395 1 71098 2 71799 2 71802 2 72503 5 73206 6 73910 5 74613 6 75316 6 76020 6 76723 6 77427 6 78131 6 78835 5 79538 6 80242 5 80946 5 81649 6 82353 5 83056 6 83760 6 84463 6 85167 6 85871 6 86574 7 87278 6 87982 6 88686 5 89390 5 90093 6 90797 5 91500 6 92204 6 92907 6 93611 6 94315 6 95019 5 95723 5 96426 6 97130 6 97834 5 98537 6 99241 6 99945 6 100649 5 101352 6 102056 6 102760 6 103464 6 104167 7 104871 7 105575 7 106279 6 106982 7 107686 8 108389 9 109093 9 109796 11 110500 11 111203 12 111907 13 112610 16 113314 17 114017 21 114720 23 115424 24 116127 25 116830 23 116855 1 117534 22 118236 20 118257 1 118939 20 119643 17 120346 17 121048 16 121751 16 122455 14 123158 14 123861 12 124564 12 125267 12 125971 9 126672 11 127375 11 128079 10 128782 10 129485 10 130189 8 130893 7 131597 6 132301 5
d8bfd1dafdc4,122147 1 122844 16 123538 28 124237 37 124939 42 125642 46 126345 50 127049 52 127753 54 128457 55 129161 56 129865 57 130569 58 131273 59 131978 59 132682 60 133386 61 134092 59 134798 59 135502 60 136207 60 136912 59 137617 58 138323 57 139028 57 139734 55 140439 55 141145 53 141851 52 142557 51 143262 51 143967 51 144672 51 145377 51 146082 51 146788 50 147493 49 148198 49 148902 50 149607 17 149626 32 150312 13 150334 29 151020 6 151041 26 151746 26 152452 25 153157 25 153863 24 154568 24 155273 24 155978 24 156682 25 157388 24 158092 24 158797 24 159502 24 160208 24 160913 25 161618 25 162323 24 163029 23 163735 21 164440 20 165146 18 165851 17 166557 15 167264 12
d8bfd1dafdc4,163950 1 164652 3 165354 5 166057 7 166760 8 167464 8 168168 7 168871 7 169574 8 170277 8 170980 9 171682 10 172385 11 173088 11 173792 11 174495 10 175198 9 175901 9 176604 9 177307 10 178009 11 178712 12 179416 11 180119 12 180823 11 181526 9 182229 8 182932 9 183634 10 184337 11 185040 11 185744 11 186447 11 187151 9 187855 6 188558 7 189260 9 189963 10 190666 11 191370 10 192073 10 192776 10 193479 11 194183 9 194886 8 195589 9 196292 10 196995 10 197699 9 198403 8 199106 8 199809 9 200511 9 201214 9 201917 9 202620 10 203324 9 204027 9 204730 9 205434 8 206137 8 206839 9 207542 9 208245 9 208948 9 209651 9 210355 8 211058 8 211761 9 212464 9 213166 10 213869 9 214572 10 215275 10 215979 9 216682 8 217385 8 218089 8 218791 9 219493 9 220195 10 220898 11 221602 10 222306 8 223009 8 223712 8 224415 7 225117 7 225820 7 226522 8 227226 8 227929 8 228633 7 229336 8 230038 9 230741 8 231443 8 232146 9 232849 9 233553 8 234256 8 234959 9 235661 10 236364 6 237067 6 237769 8 238472 8 239176 8 239881 6 240588 2
d8bfd1dafdc4,1761 12 2464 17 3167 19 3871 20 4577 21 5282 24 5986 27 6691 29 7396 31 8100 33 8805 36 9509 38 10214 39 10920 38 11624 42 12328 45 13033 45 13737 45 14442 47 15147 47 15850 50 16554 51 17259 52 17965 51 18668 53 19372 54 20077 55 20782 56 21486 57 22191 57 22897 57 23605 56 24307 23 24343 24 25010 18 25051 21 25716 17 25759 19 26423 3 26431 7 26465 19 27137 1 27172 18 27879 18 28585 17 29291 19 29997 19 30704 18 31410 18 32117 22 32822 22 33531 19 34239 20 34949 17 35655 16 36361 15 37069 11 37776 7
d8bfd1dafdc4,227083 2 227783 8 228487 8 229191 8 229894 9 230598 9 231302 9 232005 10 232709 10 233413 10 234116 11 234820 11 235524 11 236227 12 236930 13 237633 13 238337 13 239041 12 239744 13 240447 13 241151 12 241854 13 242557 14 243261 13 243964 14 244668 13 245371 14 246075 13 246778 14 247481 14 248184 15 248887 15 249590 16 250294 16 250996 18 251700 18 252403 18 253106 19 253809 20 254512 20 255215 21 255918 22 256622 22 257325 22 258028 22 258731 23 259435 21 260138 22 260842 21 261546 21 262249 22 262953 21 263656 21 264360 20 265063 20 265767 20 266470 20 267174 20 267877 20 268580 20 269284 20 269988 19 270691 19 271395 19 272098 19 272802 18 273505 19 274208 19 274911 18 275615 17 276318 17 277022 16 277726 15 278429 16 279133 15 279836 14 280539 14 281243 14 281946 14 282650 13 283354 12 284058 11 284761 11 285465 10 286169 9 286873 8 287577 8 288280 8 288984 8 289688 7 290390 7 291093 7 291797 6 292502 5 293207 3
d8bfd1dafdc4,21839 5 22543 6 23247 7 23951 8 24655 9 25359 10 26063 11 26767 11 27471 12 28177 11 28882 10 29586 11 30291 11 30996 11 31701 11 32405 12 33110 12 33815 12 34519 13 35223 15 35928 15 36633 15 37337 16 38042 17 38747 18 39451 20 40155 23 40859 26 41564 44 42269 45 42973 45 43677 46 44382 45 45086 44 45790 44 46495 40 47199 38 47903 37 48608 36 49313 33 50018 31 50723 30 51428 28 52133 26 52838 24 53543 22 54248 20 54954 16 55660 13 56367 6
d8bfd1dafdc4,228525 7 229228 9 229931 11 230635 12 231338 14 232041 15 232743 18 233446 21 234149 22 234852 24 235554 26 236257 27 236959 29 237662 30 238365 30 239068 31 239771 31 240473 29 241177 28 241880 28 242583 28 243286 27 243989 25 244692 25 245395 23 246099 21 246802 20 247504 19 248206 17 248910 16 249613 15 250316 14 251019 14 251722 13 252426 11 253130 10 253833 10 254537 8 255241 8 255944 8 256648 8 257352 7 258056 6 258759 6 259462 7 260166 6 260869 7 261573 7 262277 7 262981 6 263685 6 264389 6 265093 6 265797 6 266500 7 267204 6 267908 6 268612 5 269316 5 270019 6 270723 6 271427 5 272131 5 272835 5 273538 5 274242 5 274945 6 275649 6 276353 6 277057 5 277762 4 278465 5 279169 5 279873 4 280577 4 281281 4 281985 4 282689 3 283393 3 284097 3 284801 3 285505 3 286209 3 286913 2 287617 2 288321 2 289024 3 289728 3 290432 3 291136 3 291840 3 292543 4 293248 2 293953 1 294657 1
d8bfd1dafdc4,49849 11 50551 16 51254 18 51958 18 52662 18 53367 18 54071 17 54775 17 55480 16 56183 18 56887 18 56923 4 57591 18 57624 8 58295 18 58326 10 58999 18 59027 14 59702 20 59730 15 60406 21 60434 16 61109 23 61139 16 61812 25 61844 15 62515 27 62544 19 63219 49 63922 51 64625 52 65328 53 66030 55 66734 56 67437 58 68141 59 68844 60 69548 60 70251 61 70954 62 71657 63 72361 63 73063 65 73767 65 74467 69 75171 69 75879 64 76584 63 77288 63 77992 62 78696 62 79395 1 79400 62 80104 60 80808 59 81512 58 82216 57 82920 57 83619 1 83624 56 84332 51 85037 49 85741 48 86445 47 87149 47 87853 46 88558 44 89263 42 89969 39 90673 38 91377 38 92081 37 92785 36 93490 34 94194 34 94898 33 95602 32 96306 31 97010 31 97714 30 98418 30 99122 30 99826 29 100531 28 101235 27 101939 27 102644 25 103349 24 104054 22 104759 20 105464 19 106169 17 106874 15 107579 13 108285 10 108990 9 109695 7 110400 4
d8bfd1dafdc4,227821 6 239770 1 241176 1 241879 1 242582 1 243285 1 243988 1 244014 1 244691 1 245394 1 245418 1 246097 2 246120 1 246800 2 247502 2 248205 1 248908 2 249611 2 250315 1 251018 1 252424 2 253128 2 253832 1 254536 1 255240 1
d8bfd1dafdc4,16307 5 17010 6 17714 6 18417 7 19121 7 19824 9 20527 10 21230 11 21934 11 22637 12 23341 12 24044 13 24747 14 25451 15 26154 16 26858 16 27561 17 28264 18 28967 19 29671 20 30374 21 31077 22 31780 23 32484 23 33188 23 33891 25 34595 24 35299 24 36003 25 36707 25 37410 26 38114 27 38818 27 39521 28 40225 28 40929 28 41632 28 42335 29 43039 29 43742 30 44446 31 45148 33 45851 34 46555 34 47258 35 47961 36 48664 38 49368 38 50071 39 50773 41 51476 42 52180 43 52883 44 53587 44 54291 43 54995 43 55699 11 55712 30 56403 5 56409 2 56419 27 57124 25 57829 24 58534 22 59240 18 59946 13 60654 6
d8bfd1dafdc4,1410 5 2114 6 2818 6 3522 7 4226 7 4930 8 5634 8 6338 8 7042 9 7746 9 8450 9 9154 9 9858 10 10562 10 11266 11 11970 11 12674 11 13378 12 14082 12 14786 13 15490 13 16194 7 16202 6 16898 6 16907 5 17602 6 17611 5 18306 6 18316 4 19010 5 19020 4 19714 5 19725 3 20418 5 20429 4 21122 5 21134 1 21826 5 22530 6 23234 6 23938 7 24642 7 25346 8 26050 8 26754 8 27458 8 28162 9 28866 9 29570 9 30274 10 30978 10 31682 11 32386 12 33090 12 33794 14 34498 15 35204 13 35912 11 36617 10 37323 8 38027 9 38732 8 39437 7 40142 5 40848 2
d8bfd1dafdc4,115906 1 116609 5 117312 9 118013 13 118720 13 119426 13 120132 15 120837 15 121544 13 122248 14 122953 16 123660 15 124367 14 125073 15 125778 15 126485 14 127190 17 127896 18 128603 18 129308 19 130014 22 130721 24 131428 25 132135 29 132840 33 133547 35 134257 36 134963 39 135671 38 136386 36 137096 42 137806 38 138520 38 138564 7 139232 46 139938 46 140650 40 141360 33 142073 27 142785 22
d8bfd1dafdc4,133375 4 134077 10 134779 15 135481 18 136183 21 136885 24 137587 27 138289 29 138992 31 139694 33 140396 36 141098 38 141802 39 142505 41 143209 42 143913 42 144618 42 145322 43 146027 43 146732 43 147438 41 148144 41 148850 40 149556 39 150261 39 150966 39 151674 35 152379 36 153085 34 153791 34 153827 1 154496 37 155202 36 155908 34 156613 34 157319 34 158025 33 158730 33 159436 31 160142 29 160848 27 161553 27 161584 1 162258 27 162287 3 162964 25 162991 2 163670 27 164375 26 165079 28 165784 30 166489 29 167194 28 167899 27 168604 27 169308 28 170013 28 170718 28 171423 27 172128 26 172832 26 173537 25 174241 25 174945 25 175650 24 176354 24 177059 23 177763 23 178467 23 179172 22 179876 22 180582 20 181287 20 181992 19 182697 17 183402 16 184108 15 184814 13 185521 9
d8bfd1dafdc4,197493 6 198195 8 198899 9 199598 14 200301 15 201004 16 201706 18 202406 22 203107 26 203810 27 204511 29 205210 34 205911 37 206614 38 207317 39 208021 39 208721 42 209423 44 210126 45 210827 46 211529 47 212232 46 212935 47 213638 47 214341 46 215042 48 215744 49 216446 48 217148 49 217852 48 218551 51 219253 51 219956 51 220659 50 221361 51 222063 52 222765 53 223469 48 224172 48 224875 48 225578 48 226280 49 226983 48 227686 47 228389 47 229093 46 229796 47 230500 46 231204 45 231908 43 232611 42 233310 1 233315 41 234014 3 234019 41 234718 3 234723 40 235422 3 235427 39 236126 3 236131 39 236830 43 237535 42 238240 40 238944 38 239647 39 240349 40 241052 40 241754 41 242454 45 243157 45 243861 45 244565 45 245268 45 245971 46 246673 48 247376 48 248079 49 248782 48 249485 48 250188 48 250892 47 251595 48 252297 49 253001 48 253705 48 254409 47 255113 47 255817 46 256521 44 257225 42 257929 4 257934 36 258633 3 258638 35 259337 3 259342 34 260041 3 260046 34 260745 3 260750 33 261449 3 261454 32 262153 3 262159 29 262857 2 262863 27 263561 2 263567 26 264265 1 264271 25 264969 1 264975 24 265673 1 265679 22 266377 1 266383 21 267087 20 267792 16 268497 13 269206 7 269913 2
d8bfd1dafdc4,176224 1 176927 3 177631 4 178335 5 179038 6 179742 6 180446 6 181150 7 181854 7 182557 8 183261 8 183965 8 184669 9 185373 9 186077 10 186781 10 187484 11 188188 12 188892 12 189596 12 190300 12 191004 13 191707 15 192411 15 193115 15 193818 17 194522 17 195226 18 195930 18 196633 19 197337 20 198041 20 198745 21 199448 22 200152 23 200856 23 201559 25 202263 25 202967 26 203670 28 204374 29 205078 29 205781 31 206485 33 207188 34 207891 35 208595 36 209298 38 210001 40 210705 39 211408 40 212112 40 212815 39 213519 36 214222 36 214926 35 215630 17 216334 13 217038 9 217742 7 218449 2
d8bfd1dafdc4,48176 10 48879 12 49583 13 50287 13 50991 14 51695 14 52400 15 53105 15 53809 16 54513 16 55217 16 55921 16 56625 16 57328 17 58032 16 58736 15 59440 13 60143 13 60847 11 61551 9 62255 8 62958 9 63661 9 64365 9 65069 8 65772 9 66476 8 67179 8 67883 8 68586 8 69290 8 69993 8 70697 8 71400 8 72103 9 72807 8 73510 9 74213 9 74917 9 75620 9 76323 10 77026 10 77730 9 78433 10 79136 11 79840 10 80543 11 81247 10 81950 11 82654 11 83357 11 84061 11 84765 11 85469 10 86173 10 86876 10 87580 10 88284 10 88987 11 89691 10 90395 10 91099 10 91803 9 92507 9 93211 8 93914 9 94618 8 95322 8 96026 8 96730 7 97433 8 98137 8 98841 7 99544 8 100248 7 100952 7 101656 7 102359 8 103063 7 103766 8 104470 9 105174 9 105878 9 106581 9 107285 9 107989 9 108692 10 109396 10 110100 10 110803 11 111507 11 112211 10 112914 11 113618 11 114322 10 115026 10 115730 10 116434 10 117138 9 117842 8 118546 8
d8bfd1dafdc4,261403 10 262105 17 262808 19 263511 22 264214 24 264918 24 265621 25 266324 26 267028 26 267732 26 268435 27 269139 27 269843 27 270547 27 271251 27 271955 27 272660 26 273364 26 274069 25 274774 24 275479 23 276183 23 276888 22 277592 21 278297 20 279003 18 279709 15 280414 13 281123 7
d8bfd1dafdc4,342883 22 343580 33 344268 51 344968 56 345671 57 346373 59 347076 60 347779 61 348483 61 349187 61 349891 61 350595 63 351299 63 352003 63 352707 63 353411 63 354115 63 354819 63 355523 63 356227 64 356931 64 357635 64 358339 64 359043 64 359747 64 360451 64 361155 64 361859 64 362563 64 363267 64 363971 63 364675 63 365414 28
d8bfd1dafdc4,339442 4 340146 5 340850 7 341554 8 342260 8 342964 10 343669 11 344374 10 345079 10 345783 12 346488 12 347192 13 347897 15 348601 16 349306 17 350010 19 350716 20 351421 22 352126 23 352831 24 353536 24 354240 26 354946 27 355651 28 356355 31 357059 36 357764 40 358469 41 359174 40 359879 40 360584 39 361289 37 361994 36 362700 34 363406 32 364113 26
d8bfd1dafdc4,59138 3 59842 5 60546 8 61250 10 61954 13 62658 16 63362 17 64066 19 64770 20 65474 21 66178 22 66882 23 67586 24 68290 25 68994 26 69698 27 70402 27 71106 28 71810 28 72514 27 73218 27 73924 23 74630 14 75337 7
d8bfd1dafdc4,1057 9 1759 2 1773 1 2463 1 3891 1 4598 1 6013 2 6720 3 7427 3 8133 3 8841 1 9547 1 10253 1 10958 1 14441 1 15146 1 17963 2
d8bfd1dafdc4,877 1 888 1 890 22 1579 40 2283 40 2988 38 3692 37 4396 35 5100 32 5804 29 6509 25 7213 22 7917 20 8621 20 9325 18 10029 16 10734 14 11438 13 12142 13 12847 11 13551 10 14255 10 14959 9 15663 9 16367 9 17071 8 17775 8 18479 8 19183 7 19886 8 20590 8 21294 8 21998 8 22702 7 23405 8 24109 7 24813 7 25517 7 26221 7 26924 7 27628 7 28331 8 29035 7 29739 7 30443 7 31146 7 31850 7 32554 7 33258 7 33962 7 34666 7 35370 6 36073 7 36777 7 37481 6 38185 6 38889 6 39593 6 40297 6 41001 6 41704 6 42409 5 43113 5 43817 5 44520 6 45224 6 45928 6 46632 6 47336 6 48040 5 48744 5 49448 5 50152 5 50856 5 51560 5 52264 4 52968 4 53672 4 54376 3 55080 3 55784 3 56488 3 57192 3 57896 2
d8bfd1dafdc4,326855 8 327558 10 328261 11 328965 12 329669 12 330373 12 331077 12 331781 12 332484 13 333188 13 333892 13 334597 12 335301 11 336005 10 336709 9 337413 8 338117 7 338821 6 339526 4
d8bfd1dafdc4,288892 7 289595 10 290298 11 291001 13 291705 14 292407 16 293111 17 293815 17 294519 18 295223 18 295927 19 296631 19 297335 20 298039 21 298743 22 299447 23 300151 23 300855 25 301559 27 302263 29 302967 30 303671 37 304376 36 305080 36 305784 36 306489 35 307193 35 307897 35 308602 34 309306 34 310010 34 310714 34 311418 34 312122 34 312827 32 313531 31 314235 30 314939 29 315643 28 316347 27 317051 27 317755 25 318459 25 319163 23 319867 23 320571 22 321275 22 321979 21 322683 21 323387 20 324091 20 324796 19 325500 18 326204 18 326908 18 327613 17 328317 16 329022 15 329726 15 330430 15 331134 14 331838 14 332543 13 333248 12 333952 12 334656 12 335360 12 336065 11 336769 11 337474 9 338178 9 338883 8 339588 7 340292 7 340996 6 341703 2
d8bfd1dafdc4,269268 4 269972 6 270676 6 271379 8 272083 8 272786 8 273489 8 274192 7 274895 6 275597 8 276301 7 277004 7 277706 7 278408 9 279111 9 279814 9 280516 9 281219 10 281923 9 282626 9 283329 9 284032 9 284735 10 285437 11 286139 12 286842 12 287545 13 288247 14 288950 14 289653 14 290356 14 291058 15 291762 15 292464 16 293166 17 293869 17 294572 17 295274 17 295977 17 296680 16 297383 14 298086 13 298790 12 299494 9 300198 6
d8bfd1dafdc4,335996 7 336698 9 337400 12 338102 14 338805 15 339509 15 340213 15 340917 15 341621 15 342325 15 343029 15 343733 15 344437 15 345141 15 345845 15 346549 15 347254 13 347958 13 348662 13 349366 12 350070 12 350774 11 351478 11 352182 11 352886 10 353591 9 354295 9 354999 9 355703 8 356407 8 357111 7 357816 6 358520 6 359224 5 359928 5 360632 5 361336 4 362042 1
d8bfd1dafdc4,11740 3 11754 3 11773 1 12444 4 12455 8 12477 2 13148 7 13156 14 13176 7 13852 35 14556 35 15261 33 15966 31 16672 28 17378 25 18083 23 18788 21 19493 19 20197 19 20901 18 21606 16 22310 16 23015 15 23719 15 24424 13 25128 13 25832 13 26537 12 27241 13 27945 13 28650 12 29354 12 30058 13 30762 13 31466 13 32171 13 32875 13 33579 13 34283 13 34987 14 35691 14 36394 16 37098 16 37802 16 38506 17 39209 18 39913 18 40617 18 41321 18 42024 19 42728 18 43431 19 44135 19 44838 20 45542 19 46245 20 46950 18
d8bfd1dafdc4,152234 10 152935 14 153637 16 154339 18 155042 19 155744 20 156447 20 157150 20 157853 20 158557 18 159260 19 159964 18 160667 18 161371 17 162074 17 162778 16 163482 15 164185 15 164890 14 165594 13 166298 12 167002 10 167708 7
d8bfd1dafdc4,119683 12 120387 15 121091 17 121795 18 122501 17 123207 15 123912 14 124617 13 125323 10
d8bfd1dafdc4,314105 19 314808 20 315510 21 316211 23 316910 26 317609 27 318311 25 319011 26 319713 26 320416 25 321119 25 321819 2 321822 24 322522 26 323225 27 323928 27 324632 26 325335 25 326039 24 326742 24 327445 25 328148 26 328851 26 329554 27 330258 27 330959 30 331662 32 332366 32 333069 33 333772 34 334476 34 335178 37 335881 39 336585 39 337289 39 337992 41 338694 43 339398 44 340101 45 340804 46 341508 46 342211 49 342915 49 343619 50 344323 51 345027 52 345732 51 346437 51 347140 52 347844 52 348548 52 349254 50 349959 49 350663 49 351367 49 352074 46 352779 45 353485 43 354189 43 354892 3 354896 39 355600 39 356305 38 357011 33 357047 1 357715 34 358420 33 359125 33 359830 31 360534 31 361239 29 361943 29 362651 24
d8bfd1dafdc4,352377 2 353079 3 353782 3 354485 4 355189 4 355891 5 356593 7 357295 8 357989 17 358683 27 359381 33 360080 38 360773 45 360819 3 361474 39 361524 4 362177 30 362228 4 362880 25 362932 4 363583 22 363639 1 364286 19 364990 18
d8bfd1dafdc4,346589 8 347293 11 347995 15 348699 16 349403 17 350107 17 350811 18 351515 18 352220 17 352926 16 353632 14 354339 11 355044 11 355749 10 356455 9 357161 8 357866 8 358571 7 359276 7 359981 7 360686 6 361390 7 362095 6 362800 6 363505 5 364210 5 364916 3
d8bfd1dafdc4,107149 1 107853 8 108557 8 108567 1 109263 10 109967 11 110672 13 111375 3 111379 12 112085 15 112792 14 113492 18 114196 21 114895 25 115601 27 116304 27 117009 28 117713 28 118418 28 119122 30 119827 30 120533 29 121238 32 121942 33 122648 32 123354 30 124070 1 124073 2 124076 12 124784 7
d8bfd1dafdc4,165387 3 166091 4 166796 4 167499 6 168204 6 168908 7 169613 7 170317 9 171022 8 171727 9 172432 9 173137 9 173842 9 174547 10 175253 9 175958 10 176663 10 177368 11 178074 10 178779 10 179484 11 180189 11 180895 10 181600 10 182306 8 183012 6 183717 4
d8bfd1dafdc4,121917 7 122620 11 123321 16 124024 17 124727 19 125429 21 126132 22 126835 22 127540 21 128244 21 128948 20 129651 20 130355 19 131059 18 131763 17 132467 17 133171 16 133875 15 134578 16 135282 15 135986 15 136689 16 137393 15 138097 15 138800 16 139504 16 140207 17 140911 16 141615 16 142318 17 143021 17 143725 17 144429 17 145132 17 145836 17 146540 16 147244 15 147948 14 148653 11 149359 8
d8bfd1dafdc4,874 3 878 10 889 1 912 14 1578 1 1619 19 2282 1 2323 24 2986 2 3026 27 3691 1 3729 30 4395 1 4443 23 5099 1 5153 18 5803 1 5861 13 6508 1 15662 1 16366 1 17070 1 18478 1 19182 1 20589 1 21293 1 21997 1 22700 2 23404 1 24812 1 25515 2 26219 2 26923 1 27627 1 29034 1 29042 1 29738 1 30442 1 32553 1 33257 1 33961 1 34665 1 35369 1 36776 1 37480 1 37487 1 38184 1 40296 1 41000 1 41710 1 42408 1 43112 1 43816 1 45223 1 45927 1 46631 1 47335 1 48743 1 49447 1 50151 1 50855 1 51559 1 52263 1 54379 1
d8bfd1dafdc4,35577 2 36279 6 36983 7 37687 8 38391 8 39096 8 39801 8 40506 7 41212 6 41916 6 42620 7 43325 7 44030 7 44734 7 45439 7 46143 7 46848 7 47552 7 48257 7 48962 6 49666 7 50370 7 51075 7 51779 7 52483 8 53188 8 53892 9 54596 10 55300 11 56005 10 56709 11 57413 12 58117 13 58821 14 59525 16 60229 17 60933 17 61637 18 62341 18 63045 18 63748 19 64452 18 65156 16 65860 16 66564 14 67267 15 67971 14 68675 13 69379 13 70082 13 70786 13 71490 12 72193 13 72897 12 73601 12 74304 12 75008 12 75711 13 76415 13 77119 13 77823 13 78526 14 79230 14 79934 14 80638 13 81342 13 82046 13 82750 13 83454 13 84158 13 84862 13 85566 13 86270 13 86974 13 87678 13 88382 13 89086 13 89791 12 90495 12 91200 11 91905 10 92610 9 93314 9 94020 7 94725 5
d8bfd1dafdc4,329685 6 330386 11 331089 13 331793 13 332497 14 333201 14 333905 14 334609 14 335312 15 336015 16 336719 16 337423 15 338128 13 338833 11 339537 9 340243 6
