id,annotation,width,height,cell_type,plate_time,sample_date,sample_id,elapsed_timedelta
0a6ecc5fe78a,329777 8 330480 9 331184 9 331887 11 332591 11 333294 12 333998 12 334701 13 335405 13 336108 15 336812 15 337516 15 338219 16 338923 16 339627 15 340331 15 341035 14 341739 13 342443 13 343147 12 343851 12 344561 5,704,520,astro,09h00m00s,2020/9/13,astros[cereb]_G11-4_Vessel-361_Ph_4,0 days 09:00:00
0a6ecc5fe78a,271037 1 271741 1 272445 1 273149 1 273853 1 274557 1 275261 1 275965 1 276669 1 277373 1 278077 1 278781 1 279485 1 280189 2 280893 2 281597 2 282301 2 283005 2 283709 2 284413 2 285117 2 285820 3 286524 3 287228 3 287932 3 288636 3 289339 4 290043 4 290747 4 291451 4 292155 4 292858 5 293562 5 294266 5 294970 5 295673 6 296377 6 297081 6 297785 7 298488 8 299192 8 299895 9 300599 9 301303 9 302006 10 302710 10 303414 10 304118 10 304821 11 305525 11 306229 11 306933 11 307636 12 308340 12 309044 12 309748 12 310452 12 311155 13 311859 13 312563 13 313266 14 313970 14 314674 14 315378 15 316083 14 316787 14 317491 14 318195 14 318899 14 319604 13 320308 13 321012 13 321716 13 322420 13 323124 13 323828 13 324533 12 325237 12 325941 12 326645 12 327349 12 328053 12 328757 12 329462 11 330166 11 330870 11 331575 10 332279 10 332984 9 333688 9 334393 8 335097 8 335802 7 336506 7 337211 6 337917 4 338622 3 339326 3 340031 2 340736 1,704,520,astro,09h00m00s,2020/9/13,astros[cereb]_G11-4_Vessel-361_Ph_4,0 days 09:00:00
0a6ecc5fe78a,291930 4 292631 9 293331 13 294033 16 294735 18 295438 17 296140 17 296842 17 297545 15 298247 15 298950 14 299652 13 300354 13 301057 12 301759 12 302462 12 303165 17 303868 18 304570 20 305254 2 305273 21 305959 3 305976 22 306663 1 306666 2 306679 23 307368 1 307372 2 307383 23 308073 1 308078 1 308087 23 308777 1 308783 1 308791 23 309482 1 309488 1 309495 23 310186 1 310193 1 310197 25 310886 40 311592 38 312297 37 313003 35 313708 34 314414 12 314444 2 315119 11 315823 10 316527 10 317231 10 317935 10 318640 8 319344 8 320048 8 320752 9 321456 9 322162 7 322869 5 323576 2,704,520,astro,09h00m00s,2020/9/13,astros[cereb]_G11-4_Vessel-361_Ph_4,0 days 09:00:00
0a6ecc5fe78a,308013 8 308052 16 308718 14 308742 14 308772 2 309423 56 310129 55 310834 55 311539 54 312245 53 312951 17 312987 17 313693 17 314397 18 315102 17 315807 17 316512 16 317216 17 317921 16 318626 15 319332 13 320037 11 320743 9 321450 6 322156 3,704,520,astro,09h00m00s,2020/9/13,astros[cereb]_G11-4_Vessel-361_Ph_4,0 days 09:00:00
0a6ecc5fe78a,277817 1 278520 3 279223 3 279926 4 280629 4 281331 5 282030 10 282718 4 282728 15 283421 24 284125 21 284828 20 285531 18 286235 14 286938 9 287641 7 288345 7 289048 7 289752 7 290455 7 291158 8 291862 8 292565 9 293268 10 293971 11 294674 13 295377 15 296080 16 296784 17 297487 19 298190 21 298893 23 299596 25 300299 26 301001 29 301703 32 302404 37 303105 42 303807 60 304508 62 305198 76 305902 75 306605 22 306676 4 307309 19 308020 8,704,520,astro,09h00m00s,2020/9/13,astros[cereb]_G11-4_Vessel-361_Ph_4,0 days 09:00:00
0a6ecc5fe78a,254496 1 255199 2 255903 1 256606 2 257310 2 258013 3 258717 2 259420 3 260124 3 260827 3 261531 3 262234 4 262938 3 263641 4 264345 4 265048 5 265752 4 266455 5 267159 5 267862 5 268564 7 269267 8 269969 10 270672 10 271374 12 272077 13 272781 12 273484 13 274188 13 274892 12 275596 12 276299 13 277003 13 277707 12 278410 13 279112 14 279815 15 280518 15 281222 14 281926 14 282630 13 283334 13 284037 14 284740 15 285443 17 286146 18 286848 20 287551 21 288254 22 288957 23 289660 24 290363 25 291067 26 291771 26 292474 27 293178 27 293882 3 293906 2,704,520,astro,09h00m00s,2020/9/13,astros[cereb]_G11-4_Vessel-361_Ph_4,0 days 09:00:00
0a6ecc5fe78a,281909 6 282611 9 283314 10 284018 10 284722 10 285426 10 286130 10 286835 9 287539 9 288243 9 288947 9 289651 9 290355 9 291060 8 291764 8 292468 7 293172 7 293875 7 294579 7 295283 6 295987 6 296690 6 297394 5 298098 5 298802 4 299505 5 300209 4 300913 4 301617 4 302321 4 303026 3 303730 3,704,520,astro,09h00m00s,2020/9/13,astros[cereb]_G11-4_Vessel-361_Ph_4,0 days 09:00:00
0a6ecc5fe78a,258069 4 258769 8 259472 9 260175 10 260879 10 261582 10 262286 10 262990 9 263694 9 264397 9 265101 9 265805 8 266482 4 266508 9 267183 3 267190 2 267211 9 267889 2 267896 2 267914 11 267934 4 268595 2 268602 3 268616 13 268632 6 268642 4 269301 2 269309 2 269318 34 270007 1 270015 2 270020 38 270708 55 271415 41 272121 36 272828 30 273534 24 274237 22 274921 1 274940 21 275625 3 275644 20 276329 1 276332 2 276347 20 277034 1 277038 1 277050 21 277739 1 277743 2 277753 21 278444 1 278449 1 278456 21 279149 1 279154 2 279160 20 279854 1 279860 2 279863 20 280554 29 281260 22 281967 17 282673 13 283379 9 284082 8 284785 7 285488 6 286192 5 286895 5 287598 5 288301 5 289004 4 289707 4 290410 4 291114 3 291817 3 292520 3 293223 2,704,520,astro,09h00m00s,2020/9/13,astros[cereb]_G11-4_Vessel-361_Ph_4,0 days 09:00:00
0a6ecc5fe78a,262954 1 263657 4 264360 6 265063 7 265767 8 266470 9 267174 9 267878 9 268581 11 269285 11 269989 11 270692 11 271396 11 272099 11 272803 11 273507 10 274210 10 274914 8 275618 8 276321 8 277025 8 277729 7 278432 8 279136 8 279840 7 280544 7 281247 8 281951 7 282655 7 283359 6 284063 6 284766 7 285470 6 286174 6 286878 6 287583 4 288287 4 288992 2 289697 1,704,520,astro,09h00m00s,2020/9/13,astros[cereb]_G11-4_Vessel-361_Ph_4,0 days 09:00:00
0a6ecc5fe78a,316634 1 317336 3 318038 6 318740 8 319443 10 320146 11 320850 11 321553 13 322257 13 322961 13 323665 14 324369 14 325073 15 325778 14 326483 13 327188 13 327892 13 328597 13 329302 12 330007 12 330712 12 331417 11 332123 10 332828 10 333533 9 334238 9 334943 8 335649 7 336354 7 337059 6 337764 6 338469 6 339174 5 339878 6 340583 5 341287 6 341992 5 342696 6 343400 6 344105 5 344809 5 345513 5 346218 4 346922 4 347627 3 348331 3 349035 3 349740 2 350444 2 351149 1 351853 1,704,520,astro,09h00m00s,2020/9/13,astros[cereb]_G11-4_Vessel-361_Ph_4,0 days 09:00:00
0a6ecc5fe78a,308201 1 308905 2 309609 3 310313 3 311016 5 311719 7 312423 7 313126 9 313830 9 314535 9 315239 9 315944 9 316648 9 317353 9 318057 10 318762 9 319466 10 320171 10 320875 11 321580 11 322284 12 322989 11 323693 12 324398 12 325102 12 325807 12 326511 12 327216 12 327920 12 328625 11 329330 11 330034 11 330739 10 331443 11 332148 10 332853 10 333558 9 334264 7 334969 7 335674 6 336380 5 337085 4,704,520,astro,09h00m00s,2020/9/13,astros[cereb]_G11-4_Vessel-361_Ph_4,0 days 09:00:00
0a6ecc5fe78a,293907 2 294610 5 295314 6 296017 8 296721 8 297424 10 298126 11 298829 11 299532 11 300234 11 300937 10 301639 11 302334 18 303034 20 303733 23 304433 26 305137 24 305840 23 306544 22 307248 21 307951 21 308655 20 309359 19 310062 19 310766 18 311470 17 312174 16 312878 16 313582 15 314286 14 314990 13 315694 12 316398 11 317102 11 317806 10 318510 9 319214 9 319918 9 320622 8 321326 8 322030 8 322734 8 323438 8 324142 7 324847 6 325551 6 326255 6 326959 5 327663 5 328368 4 329072 3 329776 1,704,520,astro,09h00m00s,2020/9/13,astros[cereb]_G11-4_Vessel-361_Ph_4,0 days 09:00:00
0a6ecc5fe78a,89076 3 89781 6 90486 7 91191 8 91896 9 92601 10 93306 11 94012 11 94717 12 95422 13 96127 14 96832 25 97537 26 98242 28 98947 29 99651 31 100356 33 101061 34 101766 35 102471 36 103176 29 103881 18 104587 9 105292 5 105997 3 106702 1,704,520,astro,09h00m00s,2020/9/13,astros[cereb]_G11-4_Vessel-361_Ph_4,0 days 09:00:00
0a6ecc5fe78a,297437 2 298138 5 298840 6 299543 7 300246 7 300949 8 301652 8 302356 8 303059 8 303763 8 304466 9 305170 8 305873 9 306577 8 307280 9 307984 8 308687 9 309391 8 310094 9 310798 8 311501 9 312205 8 312908 8 313612 7 314315 7 315017 9 315720 9 316421 11 317122 13 317824 14 318527 14 319230 14 319932 15 320635 15 321338 16 322041 16 322744 16 323447 16 324151 15 324854 16 325558 15 326262 15 326966 15 327670 14 328374 14 329078 13 329783 12 330487 11 331192 9 331897 8 332601 7 333306 3,704,520,astro,09h00m00s,2020/9/13,astros[cereb]_G11-4_Vessel-361_Ph_4,0 days 09:00:00
0a6ecc5fe78a,320035 3 320737 7 321439 11 322141 15 322842 20 323544 39 324246 60 324948 62 325649 65 326351 67 327053 70 327755 73 328456 77 329158 80 329860 83 330562 34 330637 11 331263 33 331965 30 332667 28 333369 26 334070 25 334772 23 335474 22 336176 21 336877 22 337579 21 338281 20 338983 19 339684 20 340386 19 341088 17 341790 15 342492 13 343196 8 343901 3,704,520,astro,09h00m00s,2020/9/13,astros[cereb]_G11-4_Vessel-361_Ph_4,0 days 09:00:00
0a6ecc5fe78a,332600 3 333304 6 334009 7 334713 9 335417 10 336121 12 336825 14 337531 14 338237 13 338943 13 339649 13 339699 2 340355 13 340399 5 341061 14 341099 4 341106 1 341766 16 341799 4 341808 2 342472 17 342499 4 342511 1 343177 19 343199 4 343214 1 343883 42 344589 37 345294 33 346000 28 346705 24 347411 21 348117 18 348822 16 349528 14 350232 13 350936 12 351640 11 352344 11 353048 10 353752 10 354456 9 355160 9 355864 8 356568 8 357272 7 357976 7 358680 7 359384 6 360087 7 360791 6 361494 7 362198 6 362902 6 363605 6 364309 6 365012 6 365716 6,704,520,astro,09h00m00s,2020/9/13,astros[cereb]_G11-4_Vessel-361_Ph_4,0 days 09:00:00
0a6ecc5fe78a,343852 5 343879 4 344555 13 344575 8 344587 2 345258 33 345293 2 345961 39 346664 38 347368 36 348071 34 348775 32 349478 23 350181 15 350885 15 351588 15 352291 16 352995 15 353698 15 354402 15 355105 15 355807 16 356510 15 357212 15 357913 16 358613 18 359314 19 360018 17 360722 16 361426 14 362130 13 362834 12 363538 11 364242 10 364946 8 365650 7,704,520,astro,09h00m00s,2020/9/13,astros[cereb]_G11-4_Vessel-361_Ph_4,0 days 09:00:00
0a6ecc5fe78a,320975 5 321678 5 322381 5 323084 5 323787 5 324490 5 325193 5 325896 5 326599 5 327302 5 328005 5 328708 6 329411 6 330114 7 330816 9 331518 10 332220 12 332922 13 333623 16 334325 18 335029 17 335733 17 336436 18 337140 17 337844 17 338548 16 339250 18 339953 19 340656 19 341309 1 341358 21 342014 2 342060 22 342719 2 342761 24 343424 3 343462 27 344129 1 344131 1 344163 29 344833 1 344836 2 344862 33 345538 1 345542 2 345559 40 346243 1 346248 3 346256 47 346941 66 347653 58 348359 56 349066 10 349108 11 349814 9 350519 8 351225 6 351929 6 352633 6 353337 6 354042 5 354746 5 355450 5 356154 4 356858 4 357562 4 358266 4 358971 3 359675 3 360379 3 361083 3 361787 3 362491 3 363195 3 363899 3 364604 2 365308 2 366012 2,704,520,astro,09h00m00s,2020/9/13,astros[cereb]_G11-4_Vessel-361_Ph_4,0 days 09:00:00
0a6ecc5fe78a,317268 1 317972 2 318675 4 319379 5 320083 6 320787 7 321490 9 322194 10 322898 12 323601 14 324304 16 325008 18 325713 19 326417 23 327122 25 327827 29 328532 35 329237 40 329292 2 329942 46 329993 3 329997 1 330647 55 331354 52 332064 46 332774 40 333484 34 334194 27 334904 21 335612 17 336320 13 337026 11 337732 9 338438 8 339143 7 339847 7 340552 7 341257 6 341961 6 342666 6 343370 6 344075 6 344780 5 345484 6 346189 5 346893 5 347598 5 348302 5 349006 5 349711 5 350415 5 351119 5 351824 5 352528 5 353232 5 353937 5 354641 5 355345 5 356049 6 356754 5 357458 5 358162 6 358866 6 359570 6 360274 7 360979 6 361683 7 362387 7 363091 8 363795 9 364499 10 365204 9 365908 10,704,520,astro,09h00m00s,2020/9/13,astros[cereb]_G11-4_Vessel-361_Ph_4,0 days 09:00:00
0a6ecc5fe78a,325777 1 326480 4 327183 6 327886 8 328590 8 329293 10 329997 10 330701 11 331405 11 332110 11 332814 11 333518 12 334223 11 334927 12 335632 11 336336 12 337041 11 337746 11 338451 10 339155 11 339860 10 340565 10 341270 9 341974 10 342679 9 343384 9 344089 8 344793 9 345498 9 346202 10 346907 10 347612 10 348316 11 349021 11 349726 12 350430 13 351135 14 351839 15 352544 16 353248 17 353953 18 354657 19 355361 20 356066 21 356770 22 357474 24 358178 25 358883 26 359587 27 360291 28 360996 28 361700 29 362404 30 363109 30 363813 31 364518 31 365224 30 365929 30,704,520,astro,09h00m00s,2020/9/13,astros[cereb]_G11-4_Vessel-361_Ph_4,0 days 09:00:00
0a6ecc5fe78a,292029 2 292732 6 293435 9 294137 11 294840 12 295543 13 296246 14 296949 14 297652 14 298354 16 299057 16 299760 16 300462 17 301163 18 301865 18 302567 18 303270 17 303972 17 304674 17 305377 16 306079 16 306782 15 307484 15 308186 15 308888 16 309588 18 310288 21 310990 22 311693 21 312396 21 313098 22 313801 21 314504 21 315206 22 315907 23 316609 24 317310 26 318012 26 318715 26 319419 22 320122 17 320826 12 321529 10 322233 7 322936 5 323640 2,704,520,astro,09h00m00s,2020/9/13,astros[cereb]_G11-4_Vessel-361_Ph_4,0 days 09:00:00
0a6ecc5fe78a,243462 1 244166 1 244870 1 245573 2 246277 2 246981 3 247685 3 248388 4 249092 4 249796 4 250500 4 251203 5 251907 5 252611 5 253308 1 253315 5 254012 2 254019 6 254716 2 254723 6 255420 1 255422 1 255427 6 256124 1 256126 1 256131 6 256828 1 256831 1 256834 7 257532 1 257535 1 257538 7 258237 1 258240 1 258242 7 258941 1 258944 1 258946 7 259645 1 259649 8 260349 1 260353 9 261052 14 261756 14 262461 13 263165 13 263869 13 264574 12 265278 12 265982 12 266686 12 267391 12 268095 12 268799 12 269503 12 270207 12 270911 13 271615 13 272319 14 273023 14 273727 15 274431 15 275135 16 275839 16 276543 17 277247 17 277951 18 278655 18 279359 18 280063 18 280767 18 281471 17 282175 17 282879 17 283583 17 284287 17 284991 17 285695 17 286399 17 287103 16 287807 16 288511 16 289215 16 289919 16 290622 17 291326 17 292030 18 292735 17 293441 15 294147 13 294852 12 295558 11 296263 10 296968 9 297673 8 298378 8 299083 7 299789 5 300494 4 301199 3 301904 3 302609 2 303314 1,704,520,astro,09h00m00s,2020/9/13,astros[cereb]_G11-4_Vessel-361_Ph_4,0 days 09:00:00
0a6ecc5fe78a,201873 3 202572 8 203271 13 203972 16 204676 17 205379 18 206083 7 206095 6 206800 5 207489 2 207505 5 208191 2 208195 2 208209 5 208893 2 208901 3 208914 4 209599 2 209608 3 209618 5 210305 2 210315 2 210322 5 211011 2 211021 3 211027 4 211717 2 211728 2 211731 4 212413 27 213121 24 213829 22 214537 20 215245 18 215953 16 216658 17 217363 17 218068 17 218774 16 219479 16 220184 16 220889 16 221594 15 222299 15 223005 14 223710 14 224415 14 225120 14 225826 13 226531 13 227237 12 227942 12 228648 11 229353 11 230059 9 230764 9 231470 8 232175 8 232881 7 233586 7 234292 6 234997 6 235702 5 236407 5 237112 5 237817 5 238521 5 239226 5 239931 5 240636 4 241341 4 242046 3 242750 4 243455 3 244159 4 244863 4 245568 3 246272 3 246976 4 247681 3 248385 3 249089 3 249794 2 250498 2 251202 2 251907 1 252611 1,704,520,astro,09h00m00s,2020/9/13,astros[cereb]_G11-4_Vessel-361_Ph_4,0 days 09:00:00
0a6ecc5fe78a,141330 1 142033 3 142737 4 143440 5 144143 9 144846 12 145550 12 146253 13 146957 13 147661 13 148365 13 149069 13 149773 13 150476 14 151179 15 151881 17 152584 18 153287 19 153991 20 154694 21 155398 21 156103 20 156809 18 157515 1 157523 8 158228 8 158932 8 159637 7 160341 6 161046 4 161750 4 162454 3 163158 2 163862 1,704,520,astro,09h00m00s,2020/9/13,astros[cereb]_G11-4_Vessel-361_Ph_4,0 days 09:00:00
0a6ecc5fe78a,144267 1 144969 3 145672 4 146374 6 147077 6 147779 7 148481 9 149184 9 149886 10 150589 10 151291 10 151994 10 152696 10 153399 10 154101 10 154803 11 155506 11 156208 11 156899 23 157601 23 158304 23 159008 21 159711 21 160414 20 161118 19 161821 19 162524 19 163228 17 163931 17 164634 17 165337 16 166040 15 166743 13 167445 12 168148 11 168851 9 169554 8 170257 7 170960 7 171663 6 172367 5 173070 4 173773 3 174477 2 175180 1,704,520,astro,09h00m00s,2020/9/13,astros[cereb]_G11-4_Vessel-361_Ph_4,0 days 09:00:00
0a6ecc5fe78a,75777 4 76479 10 77181 11 77884 10 78586 10 79288 9 79990 7 80005 7 80693 7 80705 4 80716 1 81395 8 81405 4 81420 1 82097 12 82120 3 82125 1 82800 31 83502 33 84204 36 84906 38 85604 44 86301 52 87001 39 87056 1 87682 8 87699 40 88381 58 89085 53 89789 49 90494 46 91198 45 91902 44 92608 40 93314 37 94020 34 94726 31 95432 28 96138 24 96854 11,704,520,astro,09h00m00s,2020/9/13,astros[cereb]_G11-4_Vessel-361_Ph_4,0 days 09:00:00
0a6ecc5fe78a,315365 1 316068 2 316771 2 317474 3 318177 3 318880 4 319583 4 320286 5 320989 5 321691 6 322393 7 323095 7 323797 8 324499 9 325180 6 325201 9 325879 5 325890 4 325903 10 326579 4 326598 4 326605 10 327280 3 327288 30 327980 4 327985 35 328681 42 329383 42 330085 43 330787 31 330827 3 331489 30 332191 29 332893 27 333594 28 334295 29 334996 31 335689 39 336383 43 337087 37 337792 30 338496 25 339201 18 339905 13 340609 7 341312 5 342016 3 342720 1,704,520,astro,09h00m00s,2020/9/13,astros[cereb]_G11-4_Vessel-361_Ph_4,0 days 09:00:00
0a6ecc5fe78a,299232 1 299936 3 300639 5 301343 6 302046 8 302750 8 303453 8 304157 7 304860 7 305564 7 306267 7 306971 6 307674 6 308378 5 309081 6 309784 6 310488 6 311191 6 311894 6 312598 6 313301 6 314004 7 314708 6 315411 6 316115 6 316818 6 317521 7 318225 6 318928 6 319631 7 320335 6 321038 7 321741 7 322445 6 323146 9 323844 14 324545 17 325249 16 325953 15 326657 15 327361 14 328065 14 328769 13 329473 12 330177 10 330881 9 331585 7 332289 6 332993 4 333697 3 334401 1,704,520,astro,09h00m00s,2020/9/13,astros[cereb]_G11-4_Vessel-361_Ph_4,0 days 09:00:00
0a6ecc5fe78a,237041 2 237744 4 238447 5 239149 7 239852 8 240555 10 241258 11 241961 12 242664 13 243366 15 244069 16 244772 17 245475 19 246180 18 246885 17 247590 16 248296 14 249002 12 249707 12 250412 11 251117 10 251822 9 252528 9 253233 9 253938 10 254643 10 255347 11 256052 12 256756 13 257460 14 258165 14 258869 14 259573 14 260278 3 260289 2 260982 3 261687 3 262391 3 263096 2 263801 1 264505 2 265210 1,704,520,astro,09h00m00s,2020/9/13,astros[cereb]_G11-4_Vessel-361_Ph_4,0 days 09:00:00
0a6ecc5fe78a,305570 1 306273 2 306977 2 307681 2 308385 3 309089 3 309793 3 310497 3 311201 3 311905 3 312610 3 313314 3 314018 3 314722 3 315426 3 316130 3 316834 3 317538 3 318242 3 318945 4 319649 4 320353 4 321057 3 321761 3 322465 3 323168 4 323872 4 324560 2 324576 4 325264 1 325266 4 325279 5 325967 1 325974 4 325981 21 326671 35 327374 37 328078 37 328781 39 329485 39 330195 34 330903 30 331611 26 332317 24 333023 21 333727 21 334432 20 335136 18 335841 6 335848 2 335853 3 336545 10 337250 10 337955 9 338660 8 339366 7 340073 4 340779 2,704,520,astro,09h00m00s,2020/9/13,astros[cereb]_G11-4_Vessel-361_Ph_4,0 days 09:00:00
0a6ecc5fe78a,174411 1 175114 3 175817 4 176520 6 177223 7 177926 8 178629 10 179333 10 180036 11 180740 6 181443 6 182147 6 182850 6 183554 6 184257 6 184961 6 185664 7 186368 6 187071 7 187775 6 188478 7 189182 7 189886 6 190589 7 191293 6 191997 6 192701 6 193404 8 194108 8 194812 8 195516 8 196219 9 196923 9 197626 10 198329 11 199032 12 199736 11 200439 12 201142 13 201845 14 202549 14 203254 13 203958 13 204663 12 205367 11 206072 10 206777 8 207482 7 208188 4 208893 1,704,520,astro,09h00m00s,2020/9/13,astros[cereb]_G11-4_Vessel-361_Ph_4,0 days 09:00:00
0a6ecc5fe78a,96184 2 96887 3 97590 5 98294 5 98997 6 99702 6 100406 6 101111 6 101816 5 102521 4 103225 5 103930 4 104634 5 105339 5 106043 6 106748 5 107452 6 108157 6 108861 7 109565 7 110269 8 110973 8 111677 8 112381 8 113085 9 113789 9 114493 9 115197 10 115902 9 116606 9 117311 8 118016 8 118720 8 119425 8 120130 8 120835 8 121539 9 122244 8 122949 8 123655 7 124361 6 125066 5 125772 3 126478 1,704,520,astro,09h00m00s,2020/9/13,astros[cereb]_G11-4_Vessel-361_Ph_4,0 days 09:00:00
0a6ecc5fe78a,86327 1 87029 3 87731 5 88433 6 89135 8 89837 11 90539 13 91242 15 91945 16 92647 18 93350 19 94053 20 94757 19 95460 20 96167 17 96876 12 97584 5,704,520,astro,09h00m00s,2020/9/13,astros[cereb]_G11-4_Vessel-361_Ph_4,0 days 09:00:00
0a6ecc5fe78a,96168 4 96869 11 97569 17 98271 19 98976 18 99682 16 100388 14 101094 11 101800 9 102505 8 103210 7 103915 6 104621 4 105327 1,704,520,astro,09h00m00s,2020/9/13,astros[cereb]_G11-4_Vessel-361_Ph_4,0 days 09:00:00
0a6ecc5fe78a,97588 2 98289 6 98993 6 99697 7 100401 7 101105 8 101809 8 102513 9 103217 9 103921 10 104625 10 105329 11 106034 10 106739 9 107444 9 108149 8 108853 8 109558 7 110263 7 110968 6 111673 5 112378 4 113082 4 113787 2 114491 2 115196 1,704,520,astro,09h00m00s,2020/9/13,astros[cereb]_G11-4_Vessel-361_Ph_4,0 days 09:00:00
0a6ecc5fe78a,329315 1 330020 2 330724 4 331429 5 332133 7 332838 8 333542 10 334247 12 334952 16 335656 21 336361 23 337065 23 337770 23 338475 22 339181 20 339886 18 340592 16 341298 13 342004 11 342712 6,704,520,astro,09h00m00s,2020/9/13,astros[cereb]_G11-4_Vessel-361_Ph_4,0 days 09:00:00
0a6ecc5fe78a,342091 2 342795 5 343498 9 344202 12 344907 14 345611 17 346316 18 347020 18 347725 16 348431 14 349137 11 349841 9 350544 8 351247 7 351950 6 352653 6 353356 6 354059 6 354762 5 355465 5 356168 5 356871 5 357574 5 358278 5 358981 5 359685 5 360388 5 361092 4 361795 5 362499 4 363202 5 363906 5 364609 6 365313 6 366016 7,704,520,astro,09h00m00s,2020/9/13,astros[cereb]_G11-4_Vessel-361_Ph_4,0 days 09:00:00
0a6ecc5fe78a,205297 1 206001 2 206704 5 207408 6 208113 6 208818 6 209523 7 210228 7 210933 7 211638 7 212342 9 213047 9 213752 9 214457 9 215162 9 215867 9 216572 9 217277 9 217306 2 217982 9 218009 1 218012 2 218687 9 218712 1 218717 1 219392 9 219416 1 219421 1 220097 9 220119 1 220125 3 220802 9 220822 1 220832 2 221506 9 221525 1 221534 2 222211 9 222228 1 222235 3 222916 8 222931 1 222937 2 223621 7 223635 1 223640 1 224326 6 224338 1 224343 1 225031 6 225041 1 225046 1 225736 5 225744 1 225749 1 226440 5 226447 1 226452 1 227144 5 227151 1 227155 1 227848 7 227858 1 228552 10 229256 10 229960 10 230665 9 231369 9 232073 9 232777 9 233481 9 234185 10 234889 10 235594 9 236298 9 237003 8 237707 9 238412 8 239116 9 239821 9 240525 9 241230 9 241934 9 242639 9 243345 7,704,520,astro,09h00m00s,2020/9/13,astros[cereb]_G11-4_Vessel-361_Ph_4,0 days 09:00:00
0a6ecc5fe78a,236297 2 236999 5 237702 7 238405 8 239109 9 239812 10 240515 12 241219 12 241922 13 242625 15 243329 15 244032 14 244736 12 245439 11 246141 11 246843 11 247543 13 248245 15 248946 17 249648 19 250353 17 251059 15 251764 2 251773 1 251776 2 252477 1 252479 3 253181 4 253884 1 253886 3 254588 5 255291 7 255995 7,704,520,astro,09h00m00s,2020/9/13,astros[cereb]_G11-4_Vessel-361_Ph_4,0 days 09:00:00
0a6ecc5fe78a,206777 2 207481 3 208184 5 208887 6 209590 8 210293 9 210996 10 211699 11 212403 11 213106 12 213810 12 214514 12 215217 13 215921 12 216625 12 217329 12 218033 11 218737 11 219442 10 220146 9 220850 9 221554 9 222259 7 222963 7 223667 6 224371 6 225075 6 225778 6 226482 6 227186 6 227890 5 228594 5 229297 6 230001 5 230705 5 231409 5 232112 6 232816 6 233520 6 234224 5 234928 5 235631 6 236335 6 237039 6 237744 4 238449 1,704,520,astro,09h00m00s,2020/9/13,astros[cereb]_G11-4_Vessel-361_Ph_4,0 days 09:00:00
0a6ecc5fe78a,223138 2 223841 5 224546 6 225250 7 225955 7 226660 7 227364 8 228069 8 228774 7 229478 8 230183 8 230887 8 231592 8 232297 8 233001 8 233706 8 234411 8 235115 8 235820 8 236525 8 237229 8 237934 8 238638 10 239343 10 240047 11 240751 13 241456 13 242160 14 242865 13 243569 13 244273 13 244978 12 245682 12 246387 11 247091 11 247796 9 248500 9 249204 9 249909 8 250613 8 251317 8 252021 8 252726 7 253430 7 254134 7 254838 7 255543 7 256247 7 256951 7 257655 7 258359 7 259064 6 259768 6 260472 6 261176 7 261881 6 262585 6 263289 6 263993 6 264698 5 265402 5 266106 5 266811 5 267515 5 268220 4 268924 4 269629 3 270333 3 271038 1,704,520,astro,09h00m00s,2020/9/13,astros[cereb]_G11-4_Vessel-361_Ph_4,0 days 09:00:00
0a6ecc5fe78a,335749 7 336453 15 337157 18 337861 20 338565 22 339269 23 339975 22 340681 20 341387 19 342093 18 342799 17 343506 15 344212 14 344918 12 345624 11 346330 10 347037 8 347743 7 348448 7 349153 6 349858 6 350563 6 351267 7 351972 7 352677 7 353382 7 354087 7 354792 7 355497 7 356202 7 356906 8 357611 8 358316 8 359021 8 359726 8 360431 8 361136 8 361841 8 362546 9 363250 11 363955 11 364660 12 365365 12 366070 11,704,520,astro,09h00m00s,2020/9/13,astros[cereb]_G11-4_Vessel-361_Ph_4,0 days 09:00:00
0a6ecc5fe78a,186178 2 186881 5 187584 6 188288 6 188961 1 188991 7 189665 2 189694 7 190369 1 190371 2 190396 9 191073 1 191077 1 191098 11 191777 1 191782 1 191800 13 192482 1 192487 2 192502 15 193186 1 193193 1 193204 17 193890 1 193898 4 193906 19 194594 36 195299 35 196004 34 196708 34 197413 33 198118 32 198823 31 199527 31 200232 31 200937 30 201642 29 202347 28 203052 27 203757 26 204462 26 205167 25 205871 25 206576 25 207281 24 207985 25 208690 25 209395 24 210100 24 210805 24 211510 24 212215 24 212920 24 213625 23 214330 23 215035 23 215739 23 216444 5 216465 1 217148 5 217853 4 218557 4 219262 3 219966 2,704,520,astro,09h00m00s,2020/9/13,astros[cereb]_G11-4_Vessel-361_Ph_4,0 days 09:00:00
0a6ecc5fe78a,141721 10 142423 16 143126 18 143828 20 144531 22 145233 24 145936 24 146638 11 146661 3 147341 10 148043 10 148746 10 149448 11 150151 10 150853 11 151555 11 152255 14 152954 18 153656 18 154358 19 155061 18 155764 18 156467 17 157169 18 157872 18 158575 17 159278 17 159980 17 160683 17 161385 18 162088 17 162790 15 163493 12 164195 12 164898 12 165600 13 166303 12 167007 11 167710 11 168412 11 169115 11 169818 10 170521 10 171223 11 171926 10 172629 10 173332 9 174034 10 174737 10 175440 9 176143 9 176845 10 177548 9 178251 9 178954 8 179656 9 180359 9 181062 8 181765 8 182467 8 183170 8 183873 8 184576 7 185279 7 185982 7 186685 6 187388 6 188091 5 188794 5 189498 4 190203 1,704,520,astro,09h00m00s,2020/9/13,astros[cereb]_G11-4_Vessel-361_Ph_4,0 days 09:00:00
0a6ecc5fe78a,140216 3 140921 4 141626 4 142330 5 143035 5 143739 5 144444 5 145148 5 145852 5 146557 5 147261 5 147966 4 148670 4 149375 3 150079 4 150783 4 151487 4 152191 4 152895 4 153599 4 154303 4 155007 4 155710 5 156414 5 157118 5 157822 5 158526 5 159230 4 159934 4 160638 4 161342 3 162045 4 162749 4 163452 5 164156 4 164860 4 165563 5 166267 4 166970 5 167674 5 168377 5 169081 5 169785 5 170488 5 171192 5 171895 6 172599 5 173303 5 174006 6 174710 6 175413 6 176117 6 176821 6 177524 6 178228 6 178931 7 179635 6 180338 7 181042 7 181746 7 182449 7 183153 7 183856 8 184560 8 185263 10 185967 10 186670 11 187374 12 188077 13 188781 13 189484 15 190188 15 190891 15 191595 13 192298 13 193002 12 193705 11 194409 10 195112 10 195816 8 196519 8 197223 8 197926 8 198630 8 199333 8 200037 7 200741 7 201444 7 202148 7 202852 6 203556 6 204260 5 204963 6 205667 5 206371 5 207075 5 207779 5 208483 5 209187 5 209891 5 210595 5 211299 4 212003 4 212707 4 213411 4 214114 5 214818 5 215521 6 216225 5 216929 5 217632 5 218336 5 219039 5 219743 5 220446 5 221150 5 221854 4 222557 5 223261 5 223964 5 224668 5 225372 5 226076 5 226780 6 227484 6 228188 7 228892 7 229596 7 230300 8 231004 8 231709 8 232414 7 233119 6 233823 6 234528 5 235232 6 235937 5 236641 5 237346 4 238050 4 238755 3 239459 3 240163 3 240867 4 241572 3 242276 3 242980 3,704,520,astro,09h00m00s,2020/9/13,astros[cereb]_G11-4_Vessel-361_Ph_4,0 days 09:00:00
0a6ecc5fe78a,216454 3 217159 6 217863 10 218568 11 219272 13 219977 14 220681 15 221386 16 222090 17 222795 18 223500 19 224206 18 224911 19 225616 19 226322 19 227027 20 227733 19 228438 20 229143 20 229849 19 230554 19 231260 18 231965 18 232670 18 233376 17 234081 17 234787 16 235492 17 236197 17 236903 16 237608 16 238313 16 239017 17 239722 17 240427 17 241132 17 241837 17 242541 19 243246 20 243951 20 244659 17 245369 12 246077 8 246783 7 247489 3,704,520,astro,09h00m00s,2020/9/13,astros[cereb]_G11-4_Vessel-361_Ph_4,0 days 09:00:00
0a6ecc5fe78a,216464 3 217169 4 217875 4 218580 5 219286 5 219991 5 220697 5 221402 6 222108 6 222813 6 223518 7 224224 7 224929 7 225635 7 226340 8 226392 2 227046 8 227094 2 227098 1 227751 9 227797 1 227801 1 228457 9 228499 2 228504 1 229162 11 229201 2 229207 1 229867 12 229904 1 229910 1 230572 13 230606 2 230613 1 231277 15 231306 4 231317 1 231982 16 232003 7 232021 1 232687 39 233392 38 234097 37 234802 37 235508 35 236213 35 236918 34 237623 34 238328 33 239033 33 239738 32 240443 32 241148 32 241853 34 242560 8 242572 21 243277 22 243983 20 244688 20 245393 19 246099 17 246804 17 247510 15 248215 14 248920 14 249626 12 250331 10 251040 4,704,520,astro,09h00m00s,2020/9/13,astros[cereb]_G11-4_Vessel-361_Ph_4,0 days 09:00:00
0a6ecc5fe78a,266622 4 267322 10 268022 15 268708 8 268722 19 269407 39 270108 42 270810 45 271511 48 272212 52 272914 54 273615 57 274316 61 274997 3 275018 63 275702 1 275704 4 275719 67 276405 85 277110 85 277816 83 278521 83 279227 82 279932 82 280639 79 281347 76 282054 74 282760 73 283466 71 284172 70 284879 68 285587 64 286294 62 286999 62 287704 62 288409 61 289113 62 289818 62 290522 63 291227 62 291932 62 292637 61 293343 60 294048 59 294753 59 295459 57 296164 52 296871 43 297580 33 298289 26 298999 18 299708 11 300417 4,704,520,astro,09h00m00s,2020/9/13,astros[cereb]_G11-4_Vessel-361_Ph_4,0 days 09:00:00
0a6ecc5fe78a,248296 1 248998 4 249701 6 250405 7 251109 8 251814 8 252518 9 253222 10 253927 10 254631 11 255335 12 256040 12 256744 12 257448 13 258153 12 258857 13 259561 13 260266 13 260970 13 261675 12 262379 13 263084 12 263796 5 264501 4 265206 4 265911 3 266616 2 267321 1,704,520,astro,09h00m00s,2020/9/13,astros[cereb]_G11-4_Vessel-361_Ph_4,0 days 09:00:00
0a6ecc5fe78a,239829 2 240534 3 241238 5 241943 5 242648 6 243352 7 244057 7 244762 8 245468 7 246174 5 246879 5 247584 4 248289 4 248993 4 249697 4 250401 5 251105 5 251809 5 252514 5 253218 5 253922 6 254626 6 255330 6 256033 8 256736 9 257438 11 258139 14 258829 7 258840 18 259529 33 260235 31 260941 29 261648 27 262354 25 263061 22 263767 21 264474 18 265180 16 265887 13 266593 12 267300 9 268006 7 268713 4 269419 2,704,520,astro,09h00m00s,2020/9/13,astros[cereb]_G11-4_Vessel-361_Ph_4,0 days 09:00:00
0a6ecc5fe78a,197413 1 198117 1 198821 2 199525 2 200229 3 200932 4 201636 5 202340 5 203044 6 203748 6 204452 6 205155 7 205859 7 206563 7 207266 8 207970 7 208674 7 209378 7 210081 8 210785 8 211489 8 212192 9 212896 9 213599 10 214302 11 215006 11 215709 12 216412 13 217115 14 217819 15 218522 16 219225 17 219928 18 220631 19 221334 20 222038 20 222741 21 223444 22 224147 23 224850 23 225553 23 226256 23 226959 24 227663 23 228366 23 229069 23 229772 23 230475 23 231178 23 231881 23 232584 23 233287 23 233991 22 234694 22 235397 21 236100 21 236803 21 237506 20 238208 21 238911 21 239613 21 240315 22 241018 21 241720 21 242423 20 243125 20 243827 20 244530 20 245232 20 245934 20 246636 20 247338 20 248040 20 248742 20 249445 19 250147 18 250849 18 251551 17 252253 17 252955 16 253657 16 254360 14 255063 12 255766 11 256469 9 257171 9 257874 7 258577 6 259280 3,704,520,astro,09h00m00s,2020/9/13,astros[cereb]_G11-4_Vessel-361_Ph_4,0 days 09:00:00
0a6ecc5fe78a,249645 4 250344 11 251043 18 251744 22 252447 24 253150 25 253853 27 254556 30 255259 33 255962 36 256665 39 257368 42 258071 46 258775 48 259479 51 260184 52 260888 55 261593 56 262298 57 263003 59 263709 59 264414 61 265119 62 265824 64 266529 65 267235 66 267940 66 268645 63 269350 59 270055 55 270760 51 271466 46 272171 42 272876 38 273582 34 274288 30 274994 3 275016 4,704,520,astro,09h00m00s,2020/9/13,astros[cereb]_G11-4_Vessel-361_Ph_4,0 days 09:00:00
0a6ecc5fe78a,242982 4 243685 7 244389 9 245092 12 245796 14 246499 17 247203 19 247906 22 248610 28 249313 36 250017 40 250721 44 251424 49 252128 53 252831 62 253535 62 254238 62 254942 62 255646 61 256350 7 256407 4 257054 7 257758 6 258463 5 259167 5 259871 4 260575 4,704,520,astro,09h00m00s,2020/9/13,astros[cereb]_G11-4_Vessel-361_Ph_4,0 days 09:00:00
0a6ecc5fe78a,233990 1 234692 2 235394 3 236096 4 236798 5 237500 7 238202 8 238904 9 239606 10 240308 11 241010 12 241712 12 242413 13 243113 15 243814 16 244513 19 245210 24 245899 37 246598 40 247298 42 247997 45 248695 49 249391 55 250087 61 250785 65 251486 66 252188 66 252892 64 253595 62 254299 46 255002 17 255706 2,704,520,astro,09h00m00s,2020/9/13,astros[cereb]_G11-4_Vessel-361_Ph_4,0 days 09:00:00
0a6ecc5fe78a,245719 4 246423 6 247127 8 247832 8 248537 7 249241 8 249946 7 250651 6 251355 6 252059 7 252764 6 253468 6 254172 6 254876 6 255580 6 256284 6 256988 6 257691 7 258395 7 259099 6 259803 6 260507 6 261211 6 261915 6 262618 7 263322 7 264026 7 264729 8 265433 8 266137 8 266841 8 267544 9 268248 9 268952 9 269656 9 270360 8 271065 7 271769 7 272473 7 273177 7 273881 7 274585 7 275289 7 275993 7 276697 7 277401 7 278105 7 278808 7 279512 7 280216 7 280920 7 281624 7 282328 8 283032 8 283736 8 284440 8 285144 8 285849 7 286553 7 287257 7 287961 7 288666 6 289370 6 290074 6 290778 6 291482 7 292187 6 292891 7 293595 7 294299 8 295004 7 295708 7 296412 7 297117 6 297821 6 298526 5 299232 2,704,520,astro,09h00m00s,2020/9/13,astros[cereb]_G11-4_Vessel-361_Ph_4,0 days 09:00:00
0a6ecc5fe78a,244327 2 245029 6 245731 9 246434 11 247138 11 247841 13 248545 13 249250 13 249956 11 250662 10 251367 10 252073 8 252779 7 253484 6 254188 7 254893 6 255597 7 256302 7 257006 7 257711 7 258415 7 259120 7 259825 7 260529 7 261234 7 261938 7 262643 7 263347 7 264052 7 264756 8 265461 8 265489 1 266165 9 266192 2 266870 10 266894 2 266897 1 267574 11 267596 2 267600 1 268278 14 268296 4 268302 2 268982 28 269687 25 270391 23 271095 20 271799 18 272504 17 273208 16 273912 16 274616 15 275321 14 276025 14 276729 14 277434 12 278138 12 278843 11 279547 11 280252 10 280956 10 281661 8 282365 8 283070 7 283774 7 284478 7 285182 7 285887 6 286591 7 287295 7 287999 8 288703 8 289407 9 290110 10 290814 10 291518 11 292222 11 292926 11 293630 11 294334 11 295038 10 295742 3 295751 1 296446 1,704,520,astro,09h00m00s,2020/9/13,astros[cereb]_G11-4_Vessel-361_Ph_4,0 days 09:00:00
0a6ecc5fe78a,233816 1 234518 2 235221 3 235923 4 236626 4 237328 6 238031 6 238734 6 239437 7 240140 7 240844 6 241547 6 242250 7 242953 7 243656 7 244359 7 245062 8 245766 7 246469 7 247172 7 247875 8 248578 8 249281 8 249984 8 250688 8 251391 8 252094 8 252797 8 253499 9 254202 8 254904 9 255607 9 256309 9 257012 9 257714 10 258417 9 259119 10 259821 11 260524 10 261226 11 261929 11 262631 11 263334 11 264036 12 264739 12 265441 13 266144 13 266848 12 267552 11 268255 11 268959 10 269663 10 270367 9 271071 8 271774 8 272478 7 273182 6 273885 6 274589 5 275292 5 275995 5 276698 5 277402 5 278105 5 278808 6 279512 5 280215 5 280918 6 281622 5 282325 5 283028 6 283731 6 284435 6 285138 6 285841 6 286545 6 287248 6 287951 7 288653 9 289356 9 290059 10 290763 10 291467 9 292171 9 292875 8 293580 7 294284 6 294988 6 295692 5 296396 5 297100 4 297804 4 298509 2 299213 2 299917 1,704,520,astro,09h00m00s,2020/9/13,astros[cereb]_G11-4_Vessel-361_Ph_4,0 days 09:00:00
0a6ecc5fe78a,302052 1 302756 2 303460 4 304164 5 304868 6 305572 7 306277 7 306981 7 307685 8 308389 9 309093 10 309797 11 310502 10 311207 10 311912 10 312617 10 313322 10 314027 9 314732 9 315437 9 316142 9 316846 10 317551 10 318255 10 318960 10 319664 11 320369 11 321073 12 321778 11 322482 12 323186 13 323890 14 324594 15 325298 15 326002 16 326706 17 327410 18 328114 19 328818 19 329522 20 330227 20 330933 20 331639 19 332345 19 333050 19 333755 20 334460 20 335165 21 335870 21 336574 22 337278 23 337983 23 338687 24 339391 25 340095 26 340799 27 341502 28 342206 29 342910 29 343614 29 344318 29 345021 30 345725 30 346428 8 346458 1 347131 8 347834 8 348537 8 349241 7 349946 5 350651 3 351356 1,704,520,astro,09h00m00s,2020/9/13,astros[cereb]_G11-4_Vessel-361_Ph_4,0 days 09:00:00
0a6ecc5fe78a,85640 1 86344 2 87047 3 87751 4 88455 4 89159 4 89862 6 90566 6 91270 7 91974 7 92677 8 93381 9 94085 9 94788 10 95492 11 96196 11 96900 12 97603 13 98307 13 99011 14 99715 14 100418 16 101122 16 101826 16 102530 15 103233 16 103937 15 104641 15 105346 13 106050 13 106754 12 107459 11 108163 11 108867 11 109572 10 110276 10 110980 10 111685 9 112389 9 113094 9 113798 9 114502 9 115207 8 115911 8 116615 8 117320 7 118024 7 118729 6 119433 6 120138 6 120842 6 121547 5 122252 5 122956 5 123661 5 124365 5 125070 4 125774 5 126478 5 127182 6 127886 6 128590 7 129294 7 129998 8 130702 8 131406 9 132110 9 132814 10 133518 10 134222 10 134927 10 135631 10 136336 9 137041 8 137746 8 138450 8 139155 7 139860 7 140564 7 141269 6 141973 7 142678 6 143382 6 144087 5 144791 6 145496 5 146200 5 146905 5 147609 5 148314 4 149018 5 149723 4 150427 4 151132 3 151837 3 152543 1,704,520,astro,09h00m00s,2020/9/13,astros[cereb]_G11-4_Vessel-361_Ph_4,0 days 09:00:00
0a6ecc5fe78a,217155 1 217859 2 218564 2 219268 3 219972 4 220677 4 221381 5 222085 6 222790 6 223494 8 224199 8 224903 9 225607 11 226312 11 227016 13 227721 13 228425 14 229130 15 229834 16 230539 16 231244 17 231948 18 232653 19 233357 20 234062 20 234767 21 235471 22 236176 22 236881 22 237585 23 238290 23 238994 24 239699 24 240403 24 241108 24 241812 25 242517 25 243221 26 243926 29 244630 33 245334 34 246039 35 246743 36 247448 36 248152 37 248856 38 249561 39 250265 40 250970 40 251674 40 252379 40 253083 40 253788 40 254493 39 255198 37 255902 21 255935 2 256606 19 257310 18 258014 16 258718 15 259422 14 260126 12 260830 11 261533 11 262237 11 262941 10 263645 9 264348 10 265052 9 265756 9 266460 8 267163 9 267867 9 268571 9 269275 8 269979 8 270683 8 271387 8 272091 7 272795 7 273499 7 274203 7 274907 7 275611 7 276315 6 277019 6 277723 6 278427 6 279131 6 279835 6 280539 5 281243 5 281947 5 282651 5 283355 5 284059 5 284763 4 285467 4 286171 4 286875 3 287580 1,704,520,astro,09h00m00s,2020/9/13,astros[cereb]_G11-4_Vessel-361_Ph_4,0 days 09:00:00
0a6ecc5fe78a,53479 3 54182 8 54205 4 54885 13 54903 6 55588 29 56292 29 56995 30 57700 29 58405 28 59110 27 59815 26 60520 25 61225 24 61931 22 62637 20 63343 18 64049 12 64755 4,704,520,astro,09h00m00s,2020/9/13,astros[cereb]_G11-4_Vessel-361_Ph_4,0 days 09:00:00
0a6ecc5fe78a,67328 2 68029 4 68731 5 69432 6 70133 8 70834 10 71536 11 72237 13 72939 13 73641 14 74343 15 75046 15 75749 15 76452 14 77156 13 77859 13 78562 13 79265 13 79969 12 80672 12 81375 12 82077 13 82779 13 83482 11 84184 11 84886 11 85584 16 86281 21 86983 21 87685 20 88388 16 89097 6,704,520,astro,09h00m00s,2020/9/13,astros[cereb]_G11-4_Vessel-361_Ph_4,0 days 09:00:00
0a6ecc5fe78a,77518 5 78223 7 78927 10 79632 12 80337 13 81041 16 81746 18 82451 20 83156 22 83860 25 84565 27 85270 28 85974 31 86052 5 86679 33 86754 2 86761 7 87385 34 87455 3 87472 8 88092 37 88155 4 88184 8 88800 44 88853 6 88896 6 89507 97 89606 6 90214 101 90316 5 90921 110 91629 109 92336 107 93043 105 93750 20 93847 6 94457 15 95165 9 95872 4,704,520,astro,09h00m00s,2020/9/13,astros[cereb]_G11-4_Vessel-361_Ph_4,0 days 09:00:00
0a6ecc5fe78a,276 11 980 11 1684 11 2388 12 3092 12 3797 11 4501 11 5205 11 5909 11 6613 11 7317 11 8021 11 8725 11 9430 10 10134 10 10838 10 11542 9 12246 9 12950 9 13654 9 14358 9 15062 9 15767 7 16471 7 17175 7 17879 7 18583 7 19287 7 19991 7 20695 7 21400 6 22104 6 22808 6 23512 6 24216 6 24920 6 25624 6 26328 5 27032 5 27737 4 28441 4 29145 4 29849 4 30553 4 31257 4 31961 4 32665 4 33370 3 34074 3 34778 3 35482 3 36186 3 36890 2 37595 1 38299 1,704,520,astro,09h00m00s,2020/9/13,astros[cereb]_G11-4_Vessel-361_Ph_4,0 days 09:00:00
0a6ecc5fe78a,314 5 325 27 1018 1 1023 2 1029 27 1723 1 1729 1 1734 25 2427 1 2433 1 2438 25 3132 1 3138 1 3143 23 3836 1 3842 1 3847 23 4541 1 4547 1 4552 21 5245 1 5251 1 5256 21 5949 1 5955 1 5960 20 6654 1 6660 1 6664 20 7358 1 7364 1 7368 19 8063 1 8069 1 8071 20 8762 32 9469 29 10176 25 10880 25 11584 24 12289 23 12993 23 13697 22 14401 22 15105 22 15810 20 16514 20 17218 19 17922 19 18627 18 19331 17 20035 17 20739 17 21443 17 22148 16 22852 16 23556 15 24260 15 24964 15 25668 15 26372 15 27076 15 27781 14 28485 14 29189 14 29893 13 30597 13 31301 13 32005 13 32709 13 33413 13 34117 13 34822 12 35526 12 36230 12 36934 12 37638 12 38341 13 39045 13 39748 14 40452 14 41155 15 41859 16 42562 17 43265 18 43969 18 44672 19 45376 19 46079 20 46783 20 47486 21 48190 21 48893 22 49597 22 50301 22 51005 22 51708 23 52412 22 53117 21 53821 20 54526 19 55237 11 55944 8 56650 4,704,520,astro,09h00m00s,2020/9/13,astros[cereb]_G11-4_Vessel-361_Ph_4,0 days 09:00:00
0a6ecc5fe78a,95869 6 96574 7 97280 6 97985 6 98690 7 99394 8 100099 8 100804 9 101509 11 102213 14 102918 15 103623 15 104328 16 105032 17 105737 18 106442 18 107147 18 107852 18 108557 17 109262 17 109967 17 110672 17 111376 17 112081 18 112786 20 113491 21 114196 25 114901 27 115606 26 116311 26 117016 25 117721 24 118426 23 119131 21 119835 18 120540 12 121245 9 121950 8 122655 6 123360 5 124065 4,704,520,astro,09h00m00s,2020/9/13,astros[cereb]_G11-4_Vessel-361_Ph_4,0 days 09:00:00
0a6ecc5fe78a,93299 5 93998 13 94699 17 95403 17 96106 19 96810 20 97514 20 98218 21 98922 22 99626 23 100330 23 101035 23 101739 25 102443 26 103147 28 103851 29 104556 30 105260 33 105964 35 106668 36 107373 36 108077 37 108781 38 109485 38 110189 38 110894 37 111598 37 112302 37 113006 37 113710 37 114415 36 115119 36 115823 36 116527 35 117232 34 117936 34 118640 34 119344 34 120049 33 120753 33 121458 32 122162 32 122867 31 123571 31 124276 29 124980 29 125685 27 126389 27 127094 25 127798 24 128503 23 129208 21 129912 21 130617 19 131322 17 132027 16 132731 15 133436 13 134141 12 134846 10 135551 9 136256 7 136960 7 137665 6 138370 5 139075 4 139780 3 140484 2 141189 1 141893 1,704,520,astro,09h00m00s,2020/9/13,astros[cereb]_G11-4_Vessel-361_Ph_4,0 days 09:00:00
0a6ecc5fe78a,50322 1 51026 2 51729 3 52433 4 53136 5 53840 6 54544 6 55247 8 55951 8 56655 9 57359 9 58063 10 58767 10 59471 11 60175 11 60879 12 61583 12 62288 12 62992 12 63696 12 64400 12 65105 12 65809 12 66513 12 67217 12 67922 11 68626 11 69330 11 70035 11 70739 11 71443 11 72147 11 72852 10 73556 10 74260 10 74964 10 75669 10 76373 10 77077 10 77782 9 78486 9 79190 10 79894 10 80599 10 81303 10 82007 11 82711 11 83416 11 84120 11 84824 12 85529 11 86233 12 86937 12 87641 13 88346 12 89050 12 89754 13 90458 13 91163 12 91867 12 92571 13 93275 13 93979 13 94683 12 95387 12 96092 11 96796 11 97500 10 98204 10 98908 10 99612 10 100316 9 101020 9 101724 9 102428 8 103133 7 103837 7 104541 7 105245 6 105949 6 106654 5 107359 4 108064 2 108769 1,704,520,astro,09h00m00s,2020/9/13,astros[cereb]_G11-4_Vessel-361_Ph_4,0 days 09:00:00
0a6ecc5fe78a,45889 2 46592 5 47297 6 48002 7 48707 8 49412 9 50117 8 50821 8 51526 7 52230 7 52935 7 53639 7 54344 6 55048 6 55753 5 56457 6 57162 6 57866 7 58571 7 59256 2 59275 7 59960 1 59962 4 59980 7 60664 1 60670 3 60684 8 61367 1 61377 3 61389 8 62071 1 62084 4 62093 9 62775 32 63480 32 64184 33 64889 34 65593 37 66298 4 66305 31 67012 29 67718 5 67726 20 68433 18 69139 17 69844 17 70549 17 71253 18 71958 18 72663 18 73368 17 74072 18 74777 18 75482 18 76187 18 76893 17 77598 17 78304 17 79009 17 79714 18 80420 18 81125 20 81831 20 82536 22 83240 24 83945 26 84649 30 85354 33 86058 37 86763 1 86769 34 87478 33 88188 31 88897 30 89607 33 90315 29 91024 25 91734 19 92444 12 93154 4,704,520,astro,09h00m00s,2020/9/13,astros[cereb]_G11-4_Vessel-361_Ph_4,0 days 09:00:00
0a6ecc5fe78a,357 8 1060 9 1764 8 2467 9 3171 9 3874 10 4578 9 5281 10 5984 11 6688 10 7391 11 8095 11 8798 12 9501 12 10205 12 10908 13 11612 12 12315 13 13019 13 13722 13 14426 13 15129 14 15833 14 16537 13 17240 14 17944 14 18648 13 19352 13 20055 14 20759 14 21463 13 22167 13 22871 13 23574 13 24278 13 24982 13 25686 13 26389 13 27093 13 27797 13 28501 12 29205 12 29908 13 30612 12 31316 12 32020 12 32724 12 33428 11 34132 11 34835 12 35539 12 36243 12 36947 12 37651 12 38355 12 39059 12 39763 12 40467 12 41170 13 41874 13 42578 13 43282 13 43986 13 44690 13 45394 13 46098 13 46802 14 47506 14 48210 14 48915 13 49619 14 50323 14 51027 14 51731 15 52435 15 53139 16 53844 16 54548 17 55252 17 55957 17 56661 18 57366 17 58070 18 58775 17 59480 17 60185 16 60890 16 61595 15 62303 12 63011 8 63715 9 64420 8 65125 8 65829 8 66534 8 67239 7 67943 8 68648 7 69353 7 70058 7 70762 7 71467 7 72172 7 72876 8 73581 7 74286 7 74991 7 75696 7 76401 6 77106 6 77811 6 78516 5 79220 6 79925 5 80630 4 81335 4 82040 3 82745 2 83450 2 84155 1 84860 1,704,520,astro,09h00m00s,2020/9/13,astros[cereb]_G11-4_Vessel-361_Ph_4,0 days 09:00:00
0a6ecc5fe78a,16896 1 17598 3 18301 4 19003 6 19706 7 20408 9 21111 10 21813 12 22516 13 23218 15 23920 17 24622 19 25324 21 26028 21 26732 21 27436 20 28140 18 28843 16 29547 15 30251 13 30955 12 31659 11 32363 10 33067 8 33771 7 34474 7 35178 7 35882 6 36586 6 37290 5 37994 4 38698 4 39402 3 40105 4 40809 3 41513 2 42217 2 42921 1,704,520,astro,09h00m00s,2020/9/13,astros[cereb]_G11-4_Vessel-361_Ph_4,0 days 09:00:00
0a6ecc5fe78a,20301 8 21001 10 21702 11 22402 13 23102 14 23804 14 24506 14 25209 12 25911 12 26613 11 27315 11 27978 9 28017 11 28676 6 28691 5 28719 11 29379 1 29400 3 29421 11 30082 1 30107 3 30123 11 30785 1 30814 3 30825 11 31490 1 31521 3 31527 11 32195 45 32902 40 33611 33 34319 28 35025 25 35732 21 36439 20 37145 20 37856 15 38566 10 39272 10 39978 10 40683 10 41389 10 42095 10 42800 11 43506 10 44212 10 44917 11 45623 10 46329 10 47035 10 47740 11 48446 10 49152 10 49857 11 50563 10 51269 9 51974 9 52680 8 53386 7 54091 6 54797 3 55503 1,704,520,astro,09h00m00s,2020/9/13,astros[cereb]_G11-4_Vessel-361_Ph_4,0 days 09:00:00
0a6ecc5fe78a,27374 2 28075 5 28778 5 29482 5 30185 6 30889 6 31592 6 32295 7 32999 6 33702 6 34405 7 35109 6 35812 6 36516 5 37219 5 37922 5 38625 6 39328 6 40031 6 40735 5 41438 5 42141 6 42844 6 43547 6 44250 6 44953 6 45656 6 46360 6 47063 6 47766 6 48469 6 49172 6 49876 6 50579 6 51282 6 51986 6 52689 6 53392 7 54095 8 54798 8 55501 9 56204 10 56907 10 57610 11 58313 11 59016 11 59719 11 60422 12 61125 12 61828 12 62531 12 63235 11 63938 11 64642 10 65345 11 66048 11 66752 10 67455 10 68159 9 68862 9 69566 8 70269 8 70972 9 71676 8 72379 8 73083 7 73786 7 74490 6 75194 5 75898 5 76602 4 77306 3 78011 1,704,520,astro,09h00m00s,2020/9/13,astros[cereb]_G11-4_Vessel-361_Ph_4,0 days 09:00:00
0a6ecc5fe78a,500 8 1203 10 1907 10 2610 12 3314 12 4017 14 4720 15 5424 16 6127 17 6831 19 7534 22 8238 27 8941 28 9645 28 10350 27 11067 14 11773 12 12478 10 13183 9 13889 7 14593 7 15297 7 16002 6 16706 6 17410 6 18114 6 18818 6 19523 5 20227 5 20931 5 21635 5 22340 5 23044 5 23748 5 24452 5 25156 5 25861 4 26565 4 27269 4 27974 3 28680 1,704,520,astro,09h00m00s,2020/9/13,astros[cereb]_G11-4_Vessel-361_Ph_4,0 days 09:00:00
0a6ecc5fe78a,10560 1 11262 3 11965 4 12634 4 12667 6 13335 3 13342 6 13370 7 14036 3 14052 6 14072 8 14736 4 14762 6 14773 11 15435 5 15442 45 16136 54 16838 54 17540 55 18242 54 18945 37 18988 8 19648 34 20351 31 21054 17 21758 15 22461 14 23164 7 23867 6,704,520,astro,09h00m00s,2020/9/13,astros[cereb]_G11-4_Vessel-361_Ph_4,0 days 09:00:00
0a6ecc5fe78a,55942 5 56645 10 57348 11 58051 12 58754 14 59457 15 60160 16 60863 17 61567 18 62270 19 62974 19 63678 19 64382 20 65087 19 65791 19 66496 19 67201 18 67906 17 68611 16 69316 16 70021 15 70726 14 71431 14 72136 13 72840 13 73545 12 74249 13 74954 12 75658 12 76363 12 77067 12 77772 11 78476 11 79181 11 79886 10 80590 10 81295 10 81999 10 82704 9 83408 9 84113 9 84817 9 85522 8 86227 7 86931 7 87636 7 88340 7 89045 6 89749 6 90454 5 91158 5 91863 4 92567 5 93272 4 93977 3 94683 1,704,520,astro,09h00m00s,2020/9/13,astros[cereb]_G11-4_Vessel-361_Ph_4,0 days 09:00:00
0a6ecc5fe78a,44132 1 44835 2 45538 3 46241 3 46944 4 47647 4 48350 4 49053 4 49756 4 50459 4 51161 5 51863 6 52565 7 53268 7 53970 7 54672 8 55374 9 56076 10 56778 11 57480 12 58181 14 58883 15 59585 16 60288 16 60991 16 61693 17 62396 17 63098 17 63801 17 64503 18 65206 18 65909 17 66611 17 67314 16 68016 16 68718 16 69418 18 70119 19 70820 19 71520 19 72222 17 72926 14 73629 14 74333 12 75036 12 75740 10 76444 7 77149 2,704,520,astro,09h00m00s,2020/9/13,astros[cereb]_G11-4_Vessel-361_Ph_4,0 days 09:00:00
0a6ecc5fe78a,8235 2 8936 5 9637 9 10342 8 11046 9 11751 8 12456 8 13162 6 13867 6 14571 6 15275 7 15979 7 16683 7 17387 8 18091 8 18794 10 19498 10 20202 11 20906 11 21610 12 22314 12 23018 13 23722 13 24426 14 25130 14 25833 16 26537 17 27241 19 27945 21 28648 24 29352 25 30056 26 30760 27 31463 27 32167 27 32871 26 33575 25 34278 24 34982 22 35686 21 36390 20 37094 19 37798 18 38502 16 39206 15 39910 14 40614 13 41318 10 42021 7 42725 6 43428 6 44132 5 44836 5 45539 5 46243 4 46946 5 47650 4 48353 5 49057 4 49760 4 50464 4 51167 4 51870 4 52573 5 53275 6 53978 6 54681 5 55384 5 56087 4 56790 3 57493 3 58195 3 58898 3 59601 2 60304 1,704,520,astro,09h00m00s,2020/9/13,astros[cereb]_G11-4_Vessel-361_Ph_4,0 days 09:00:00
0a6ecc5fe78a,62299 1 63003 2 63707 3 64411 4 65116 3 65820 4 66524 5 67228 6 67932 7 68636 8 69340 8 70045 8 70749 9 71453 10 72157 11 72861 12 73565 13 74270 12 74974 13 75678 14 76382 15 77086 16 77791 16 78495 16 79200 16 79904 17 80608 18 81313 18 82017 19 82722 18 83426 19 84130 20 84835 20 85539 20 86244 18 86948 18 87652 18 88357 17 89061 17 89766 16 90470 15 91175 14 91879 14 92584 13 93290 9 93997 3,704,520,astro,09h00m00s,2020/9/13,astros[cereb]_G11-4_Vessel-361_Ph_4,0 days 09:00:00
0a6ecc5fe78a,73059 2 73762 4 74465 5 75154 3 75168 5 75857 1 75861 2 75871 6 76561 1 76567 1 76575 5 77265 1 77272 1 77278 5 77969 2 77977 1 77981 5 78675 2 78682 1 78684 6 79381 12 80086 10 80790 9 81494 9 82198 9 82902 9 83606 10 84310 10 85014 10 85718 10 86421 11 87125 11 87829 11 88533 11 89237 12 89941 12 90645 12 91349 12 92053 11 92758 9 93462 7 94169 3,704,520,astro,09h00m00s,2020/9/13,astros[cereb]_G11-4_Vessel-361_Ph_4,0 days 09:00:00
0a6ecc5fe78a,194145 4 194832 6 194845 13 195535 34 196238 47 196943 53 197649 53 198354 55 199059 56 199763 58 200468 58 201172 58 201877 58 202583 10 202632 7,704,520,astro,09h00m00s,2020/9/13,astros[cereb]_G11-4_Vessel-361_Ph_4,0 days 09:00:00
0a6ecc5fe78a,152064 1 152767 2 153470 3 154173 4 154877 4 155580 5 156283 6 156986 7 157690 7 158393 8 159096 9 159799 10 160502 11 161205 12 161907 14 162610 15 163313 16 164016 17 164719 18 165423 18 166127 18 166830 19 167534 19 168238 19 168942 19 169645 20 170349 20 171053 20 171757 20 172462 19 173166 19 173870 19 174575 18 175279 6 175289 8 175994 7 176699 6 177404 5 178109 4 178815 2,704,520,astro,09h00m00s,2020/9/13,astros[cereb]_G11-4_Vessel-361_Ph_4,0 days 09:00:00
0a6ecc5fe78a,202478 3 203180 5 203883 7 204587 7 205291 7 205995 7 206698 7 207402 7 208106 7 208810 6 209514 6 210218 6 210922 5 211626 5 212329 6 213033 5 213737 5 214441 5 215144 6 215848 7 216551 8 217255 8 217958 9 218662 10 219365 11 220069 11 220772 12 221476 11 222180 11 222884 11 223588 11 224292 10 224996 10 225699 11 226403 10 227107 10 227811 9 228515 9 229219 8 229923 8 230627 7 231330 8 232033 8 232736 9 233439 10 234141 12 234844 14 235547 15 236250 16 236953 17 237657 17 238361 16 239065 16 239770 15 240474 14 241178 14 241882 1 241891 1 241893 2 242595 4 243299 4 244004 3 244708 3 245413 3 246117 3 246822 2 247526 2 248231 1,704,520,astro,09h00m00s,2020/9/13,astros[cereb]_G11-4_Vessel-361_Ph_4,0 days 09:00:00
0a6ecc5fe78a,88679 4 89382 6 90085 9 90787 12 91489 16 91515 2 92191 20 92215 4 92220 1 92894 31 93597 32 94301 31 95007 28 95713 25 96419 22 97125 20 97831 19 98536 18 99240 18 99945 18 100649 18 101354 18 102058 19 102763 18 103468 18 104172 18 104877 18 105581 19 106286 18 106990 19 107695 9 108401 3,704,520,astro,09h00m00s,2020/9/13,astros[cereb]_G11-4_Vessel-361_Ph_4,0 days 09:00:00
0a6ecc5fe78a,93467 2 94168 5 94872 5 95576 5 96279 6 96983 6 97687 6 98391 6 99095 6 99799 6 100503 6 101207 6 101911 5 102615 5 103319 5 104023 5 104727 5 105431 5 106135 5 106838 6 107542 6 108246 6 108950 6 109654 6 110358 6 111062 6 111766 5 112470 5 113174 5 113878 5 114582 5 115286 5 115990 5 116694 5 117398 4 118101 5 118805 5 119509 5 120213 5 120917 5 121621 5 122324 5 123028 5 123732 5 124436 5 125140 5 125844 6 126547 7 127251 7 127955 8 128659 8 129363 8 130067 9 130771 9 131474 10 132178 11 132882 11 133586 11 134290 10 134994 10 135697 10 136401 10 137105 10 137809 9 138513 9 139217 8 139921 8 140626 7 141330 7 142034 7 142739 6 143443 6 144148 5 144853 4,704,520,astro,09h00m00s,2020/9/13,astros[cereb]_G11-4_Vessel-361_Ph_4,0 days 09:00:00
0a6ecc5fe78a,26732 1 27433 3 28134 6 28835 8 29514 13 29536 10 30209 9 30222 27 30907 44 31607 47 32307 50 33009 50 33711 51 34414 30 34459 4 35116 26 35818 25 36521 24 37223 23 37926 21 38629 19 39332 18 40035 16 40739 14 41442 13 42145 13 42848 13 43551 12 44254 12 44957 13 45660 13 46364 12 47067 13 47770 13 48473 13 49177 12 49880 13 50584 12 51288 11 51991 10 52695 9 53399 7 54102 7 54806 5 55510 3 56213 3 56917 1,704,520,astro,09h00m00s,2020/9/13,astros[cereb]_G11-4_Vessel-361_Ph_4,0 days 09:00:00
0a6ecc5fe78a,469 8 1173 10 1877 11 2581 12 3286 11 3990 12 4694 12 5398 13 6103 12 6807 13 7512 12 8216 13 8921 12 9625 13 10329 13 11034 13 11738 13 12443 13 13147 13 13852 12 14556 13 15260 13 15965 12 16669 12 17374 12 18078 12 18783 11 19487 12 20192 11 20896 11 21601 10 22305 10 23010 9 23714 9 24419 8 25123 7 25828 6 26532 6 27237 4 27941 4 28646 3 29350 2 30055 1,704,520,astro,09h00m00s,2020/9/13,astros[cereb]_G11-4_Vessel-361_Ph_4,0 days 09:00:00
0a6ecc5fe78a,521 22 1225 20 1929 18 2633 16 3337 14 4040 15 4744 14 5448 13 6152 12 6856 12 7560 11 8264 10 8969 8 9673 8 10378 6 11082 5,704,520,astro,09h00m00s,2020/9/13,astros[cereb]_G11-4_Vessel-361_Ph_4,0 days 09:00:00
0a6ecc5fe78a,109476 1 110180 2 110885 2 111589 2 112294 2 112998 3 113702 4 114407 4 115111 5 115816 5 116520 6 117225 6 117929 7 118634 7 119338 8 120043 7 120747 8 121452 7 122156 8 122861 7 123565 8 124270 7 124974 8 125679 7 126383 8 127088 7 127792 8 128497 7 129201 8 129906 7 130610 8 131315 7 132019 8 132723 9 133428 9 134132 10 134836 11 135540 12 136245 12 136949 13 137653 14 138357 14 139060 16 139764 17 140468 17 141172 18 141875 19 142579 20 143283 20 143987 21 144692 20 145396 20 146100 21 146805 20 147509 20 148213 20 148918 19 149622 20 150326 20 151031 19 151735 19 152439 19 153144 18 153848 18 154552 18 155257 18 155961 18 156665 18 157370 17 158074 17 158778 17 159483 16 160187 16 160892 16 161596 16 162301 15 163005 15 163710 14 164414 15 165119 14 165823 15 166528 14 167232 15 167937 14 168641 15 169346 14 170050 15 170755 14 171459 15 172164 14 172868 15 173573 15 174277 15 174982 15 175686 15 176391 15 177095 15 177800 14 178504 15 179209 14 179913 14 180618 13 181322 13 182027 12 182731 11 183436 10 184140 10 184845 8 185552 3,704,520,astro,09h00m00s,2020/9/13,astros[cereb]_G11-4_Vessel-361_Ph_4,0 days 09:00:00
0a6ecc5fe78a,636 1 1340 2 2044 2 2747 4 3451 4 4155 5 4859 5 5563 5 6267 6 6970 7 7674 7 8378 7 9082 7 9786 7 10490 7 11193 8 11897 8 12601 8 13305 8 14009 7 14712 8 15416 8 16120 7 16824 7 17528 5 18232 4 18935 5 19639 4 20343 3 21047 2 21751 2 22455 1 23158 1 23861 2 24563 4 25266 5 25968 7 26671 8 27375 7 28078 8 28782 8 29485 8 30189 8 30892 8 31596 8 32300 6 33003 5 33707 2,704,520,astro,09h00m00s,2020/9/13,astros[cereb]_G11-4_Vessel-361_Ph_4,0 days 09:00:00
